,Model_ID,Name
0,NMLCL000001,CA1 Pyramidal Cell
1,NMLCL000002,Granule Cell
2,NMLCL000003,Granule Input Mossy Fiber
3,NMLCL000004,Golgi Cell
4,NMLCL000005,Purkinje Cell
5,NMLCL000073,Layer 5b Pyramidal cell 
6,NMLCL000085,Golgi Cell
7,NMLCL000086,Izhikevich Tonic Spiking
8,NMLCL000087,Layer 2/3 Burst Accommodating Bipolar Cell (1)
9,NMLCL000088,Layer 2/3 Burst Accommodating Bipolar Cell (2)
10,NMLCL000089,Layer 2/3 Burst Accommodating Bipolar Cell (3)
11,NMLCL000090,Layer 2/3 Burst Accommodating Bipolar Cell (4)
12,NMLCL000091,Layer 2/3 Burst Accommodating Bipolar Cell (5)
13,NMLCL000092,Layer 2/3 Burst Accommodating Bitufted Cell (1)
14,NMLCL000093,Layer 2/3 Burst Accommodating Bitufted Cell (2)
15,NMLCL000094,Layer 2/3 Burst Accommodating Bitufted Cell (3)
16,NMLCL000095,Layer 2/3 Burst Accommodating Bitufted Cell (4)
17,NMLCL000096,Layer 2/3 Burst Accommodating Bitufted Cell (5)
18,NMLCL000097,Layer 2/3 Burst Accommodating Double Bouquet Cell (1)
19,NMLCL000098,Layer 2/3 Burst Accommodating Double Bouquet Cell (2)
20,NMLCL000099,Layer 2/3 Burst Accommodating Double Bouquet Cell (3)
21,NMLCL000100,Layer 2/3 Burst Accommodating Double Bouquet Cell (4)
22,NMLCL000101,Layer 2/3 Burst Accommodating Double Bouquet Cell (5)
23,NMLCL000102,Layer 2/3 Burst Accommodating Large Basket Cell (1)
24,NMLCL000103,Layer 2/3 Burst Accommodating Large Basket Cell (2)
25,NMLCL000104,Layer 2/3 Burst Accommodating Large Basket Cell (3)
26,NMLCL000105,Layer 2/3 Burst Accommodating Large Basket Cell (4)
27,NMLCL000106,Layer 2/3 Burst Accommodating Large Basket Cell (5)
28,NMLCL000107,Layer 2/3 Burst Accommodating Martinotti Cell (1)
29,NMLCL000108,Layer 2/3 Burst Accommodating Martinotti Cell (2)
30,NMLCL000109,Layer 2/3 Burst Accommodating Martinotti Cell (3)
31,NMLCL000110,Layer 2/3 Burst Accommodating Martinotti Cell (4)
32,NMLCL000111,Layer 2/3 Burst Accommodating Martinotti Cell (5)
33,NMLCL000112,Layer 2/3 Burst Accommodating Nest Basket Cell (1)
34,NMLCL000113,Layer 2/3 Burst Accommodating Nest Basket Cell (2)
35,NMLCL000114,Layer 2/3 Burst Accommodating Nest Basket Cell (3)
36,NMLCL000115,Layer 2/3 Burst Accommodating Nest Basket Cell (4)
37,NMLCL000116,Layer 2/3 Burst Accommodating Nest Basket Cell (5)
38,NMLCL000117,Layer 4 Burst Accommodating Bipolar Cell (1)
39,NMLCL000118,Layer 4 Burst Accommodating Bipolar Cell (2)
40,NMLCL000119,Layer 4 Burst Accommodating Bipolar Cell (3)
41,NMLCL000120,Layer 4 Burst Accommodating Bipolar Cell (4)
42,NMLCL000121,Layer 4 Burst Accommodating Bipolar Cell (5)
43,NMLCL000122,Layer 4 Burst Accommodating Bitufted Cell (1)
44,NMLCL000123,Layer 4 Burst Accommodating Bitufted Cell (2)
45,NMLCL000124,Layer 4 Burst Accommodating Bitufted Cell (3)
46,NMLCL000125,Layer 4 Burst Accommodating Bitufted Cell (4)
47,NMLCL000126,Layer 4 Burst Accommodating Bitufted Cell (5)
48,NMLCL000127,Layer 4 Burst Accommodating Double Bouquet Cell (1)
49,NMLCL000128,Layer 4 Burst Accommodating Double Bouquet Cell (2)
50,NMLCL000129,Layer 4 Burst Accommodating Double Bouquet Cell (3)
51,NMLCL000130,Layer 4 Burst Accommodating Double Bouquet Cell (4)
52,NMLCL000131,Layer 4 Burst Accommodating Double Bouquet Cell (5)
53,NMLCL000132,Layer 4 Burst Accommodating Martinotti Cell (1)
54,NMLCL000133,Layer 4 Burst Accommodating Martinotti Cell (2)
55,NMLCL000134,Layer 4 Burst Accommodating Martinotti Cell (3)
56,NMLCL000135,Layer 4 Burst Accommodating Martinotti Cell (4)
57,NMLCL000136,Layer 4 Burst Accommodating Martinotti Cell (5)
58,NMLCL000137,Layer 5 Burst Accommodating Bipolar Cell (1)
59,NMLCL000138,Layer 5 Burst Accommodating Bipolar Cell (2)
60,NMLCL000139,Layer 5 Burst Accommodating Bipolar Cell (3)
61,NMLCL000140,Layer 5 Burst Accommodating Bipolar Cell (4)
62,NMLCL000141,Layer 5 Burst Accommodating Bipolar Cell (5)
63,NMLCL000142,Layer 5 Burst Accommodating Bitufted Cell (1)
64,NMLCL000143,Layer 5 Burst Accommodating Bitufted Cell (2)
65,NMLCL000144,Layer 5 Burst Accommodating Bitufted Cell (3)
66,NMLCL000145,Layer 5 Burst Accommodating Bitufted Cell (4)
67,NMLCL000146,Layer 5 Burst Accommodating Bitufted Cell (5)
68,NMLCL000147,Layer 5 Burst Accommodating Double Bouquet Cell (1)
69,NMLCL000148,Layer 5 Burst Accommodating Double Bouquet Cell (2)
70,NMLCL000149,Layer 5 Burst Accommodating Double Bouquet Cell (3)
71,NMLCL000150,Layer 5 Burst Accommodating Double Bouquet Cell (4)
72,NMLCL000151,Layer 5 Burst Accommodating Double Bouquet Cell (5)
73,NMLCL000152,Layer 5 Burst Accommodating Large Basket Cell (1)
74,NMLCL000153,Layer 5 Burst Accommodating Large Basket Cell (2)
75,NMLCL000154,Layer 5 Burst Accommodating Large Basket Cell (3)
76,NMLCL000155,Layer 5 Burst Accommodating Large Basket Cell (4)
77,NMLCL000156,Layer 5 Burst Accommodating Large Basket Cell (5)
78,NMLCL000157,Layer 5 Burst Accommodating Martinotti Cell (1)
79,NMLCL000158,Layer 5 Burst Accommodating Martinotti Cell (2)
80,NMLCL000159,Layer 5 Burst Accommodating Martinotti Cell (3)
81,NMLCL000160,Layer 5 Burst Accommodating Martinotti Cell (4)
82,NMLCL000161,Layer 5 Burst Accommodating Martinotti Cell (5)
83,NMLCL000162,Layer 5 Burst Accommodating Nest Basket Cell (1)
84,NMLCL000163,Layer 5 Burst Accommodating Nest Basket Cell (2)
85,NMLCL000164,Layer 5 Burst Accommodating Nest Basket Cell (3)
86,NMLCL000165,Layer 5 Burst Accommodating Nest Basket Cell (4)
87,NMLCL000166,Layer 5 Burst Accommodating Nest Basket Cell (5)
88,NMLCL000167,Layer 6 Burst Accommodating Bipolar Cell (1)
89,NMLCL000168,Layer 6 Burst Accommodating Bipolar Cell (2)
90,NMLCL000169,Layer 6 Burst Accommodating Bipolar Cell (3)
91,NMLCL000170,Layer 6 Burst Accommodating Bipolar Cell (4)
92,NMLCL000171,Layer 6 Burst Accommodating Bipolar Cell (5)
93,NMLCL000172,Layer 6 Burst Accommodating Bitufted Cell (1)
94,NMLCL000173,Layer 6 Burst Accommodating Bitufted Cell (2)
95,NMLCL000174,Layer 6 Burst Accommodating Bitufted Cell (3)
96,NMLCL000175,Layer 6 Burst Accommodating Bitufted Cell (4)
97,NMLCL000176,Layer 6 Burst Accommodating Bitufted Cell (5)
98,NMLCL000177,Layer 6 Burst Accommodating Double Bouquet Cell (1)
99,NMLCL000178,Layer 6 Burst Accommodating Double Bouquet Cell (2)
100,NMLCL000179,Layer 6 Burst Accommodating Double Bouquet Cell (3)
101,NMLCL000180,Layer 6 Burst Accommodating Double Bouquet Cell (4)
102,NMLCL000181,Layer 6 Burst Accommodating Double Bouquet Cell (5)
103,NMLCL000182,Layer 6 Burst Accommodating Large Basket Cell (1)
104,NMLCL000183,Layer 6 Burst Accommodating Large Basket Cell (2)
105,NMLCL000184,Layer 6 Burst Accommodating Large Basket Cell (3)
106,NMLCL000185,Layer 6 Burst Accommodating Large Basket Cell (4)
107,NMLCL000186,Layer 6 Burst Accommodating Large Basket Cell (5)
108,NMLCL000187,Layer 6 Burst Accommodating Martinotti Cell (1)
109,NMLCL000188,Layer 6 Burst Accommodating Martinotti Cell (2)
110,NMLCL000189,Layer 6 Burst Accommodating Martinotti Cell (3)
111,NMLCL000190,Layer 6 Burst Accommodating Martinotti Cell (4)
112,NMLCL000191,Layer 6 Burst Accommodating Martinotti Cell (5)
113,NMLCL000192,Layer 6 Burst Accommodating Nest Basket Cell (1)
114,NMLCL000193,Layer 6 Burst Accommodating Nest Basket Cell (2)
115,NMLCL000194,Layer 6 Burst Accommodating Nest Basket Cell (3)
116,NMLCL000195,Layer 6 Burst Accommodating Nest Basket Cell (4)
117,NMLCL000196,Layer 6 Burst Accommodating Nest Basket Cell (5)
118,NMLCL000197,Layer 2/3 Burst Irregular Bipolar Cell (1)
119,NMLCL000198,Layer 2/3 Burst Irregular Bipolar Cell (2)
120,NMLCL000199,Layer 2/3 Burst Irregular Bipolar Cell (3)
121,NMLCL000200,Layer 2/3 Burst Irregular Bipolar Cell (4)
122,NMLCL000201,Layer 2/3 Burst Irregular Bipolar Cell (5)
123,NMLCL000202,Layer 2/3 Burst Irregular Bitufted Cell (1)
124,NMLCL000203,Layer 2/3 Burst Irregular Bitufted Cell (2)
125,NMLCL000204,Layer 2/3 Burst Irregular Bitufted Cell (3)
126,NMLCL000205,Layer 2/3 Burst Irregular Bitufted Cell (4)
127,NMLCL000206,Layer 2/3 Burst Irregular Bitufted Cell (5)
128,NMLCL000207,Layer 2/3 Burst Irregular Double Bouquet Cell (1)
129,NMLCL000208,Layer 2/3 Burst Irregular Double Bouquet Cell (2)
130,NMLCL000209,Layer 2/3 Burst Irregular Double Bouquet Cell (3)
131,NMLCL000210,Layer 2/3 Burst Irregular Double Bouquet Cell (4)
132,NMLCL000211,Layer 2/3 Burst Irregular Double Bouquet Cell (5)
133,NMLCL000212,Layer 4 Burst Irregular Bipolar Cell (1)
134,NMLCL000213,Layer 4 Burst Irregular Bipolar Cell (2)
135,NMLCL000214,Layer 4 Burst Irregular Bipolar Cell (3)
136,NMLCL000215,Layer 4 Burst Irregular Bipolar Cell (4)
137,NMLCL000216,Layer 4 Burst Irregular Bipolar Cell (5)
138,NMLCL000217,Layer 4 Burst Irregular Bitufted Cell (1)
139,NMLCL000218,Layer 4 Burst Irregular Bitufted Cell (2)
140,NMLCL000219,Layer 4 Burst Irregular Bitufted Cell (3)
141,NMLCL000220,Layer 4 Burst Irregular Bitufted Cell (4)
142,NMLCL000221,Layer 4 Burst Irregular Bitufted Cell (5)
143,NMLCL000222,Layer 4 Burst Irregular Double Bouquet Cell (1)
144,NMLCL000223,Layer 4 Burst Irregular Double Bouquet Cell (2)
145,NMLCL000224,Layer 4 Burst Irregular Double Bouquet Cell (3)
146,NMLCL000225,Layer 4 Burst Irregular Double Bouquet Cell (4)
147,NMLCL000226,Layer 4 Burst Irregular Double Bouquet Cell (5)
148,NMLCL000227,Layer 5 Burst Irregular Bipolar Cell (1)
149,NMLCL000228,Layer 5 Burst Irregular Bipolar Cell (2)
150,NMLCL000229,Layer 5 Burst Irregular Bipolar Cell (3)
151,NMLCL000230,Layer 5 Burst Irregular Bipolar Cell (4)
152,NMLCL000231,Layer 5 Burst Irregular Bipolar Cell (5)
153,NMLCL000232,Layer 5 Burst Irregular Double Bouquet Cell (1)
154,NMLCL000233,Layer 5 Burst Irregular Double Bouquet Cell (2)
155,NMLCL000234,Layer 5 Burst Irregular Double Bouquet Cell (3)
156,NMLCL000235,Layer 5 Burst Irregular Double Bouquet Cell (4)
157,NMLCL000236,Layer 5 Burst Irregular Double Bouquet Cell (5)
158,NMLCL000237,Layer 5 Burst Irregular Martinotti Cell (1)
159,NMLCL000238,Layer 5 Burst Irregular Martinotti Cell (2)
160,NMLCL000239,Layer 5 Burst Irregular Martinotti Cell (3)
161,NMLCL000240,Layer 5 Burst Irregular Martinotti Cell (4)
162,NMLCL000241,Layer 5 Burst Irregular Martinotti Cell (5)
163,NMLCL000242,Layer 5 Burst Irregular Nest Basket Cell (1)
164,NMLCL000243,Layer 5 Burst Irregular Nest Basket Cell (2)
165,NMLCL000244,Layer 5 Burst Irregular Nest Basket Cell (3)
166,NMLCL000245,Layer 5 Burst Irregular Nest Basket Cell (4)
167,NMLCL000246,Layer 5 Burst Irregular Nest Basket Cell (5)
168,NMLCL000247,Layer 6 Burst Irregular Bipolar Cell (1)
169,NMLCL000248,Layer 6 Burst Irregular Bipolar Cell (2)
170,NMLCL000249,Layer 6 Burst Irregular Bipolar Cell (3)
171,NMLCL000250,Layer 6 Burst Irregular Bipolar Cell (4)
172,NMLCL000251,Layer 6 Burst Irregular Bipolar Cell (5)
173,NMLCL000252,Layer 6 Burst Irregular Double Bouquet Cell (1)
174,NMLCL000253,Layer 6 Burst Irregular Double Bouquet Cell (2)
175,NMLCL000254,Layer 6 Burst Irregular Double Bouquet Cell (3)
176,NMLCL000255,Layer 6 Burst Irregular Double Bouquet Cell (4)
177,NMLCL000256,Layer 6 Burst Irregular Double Bouquet Cell (5)
178,NMLCL000257,Layer 6 Burst Irregular Large Basket Cell (1)
179,NMLCL000258,Layer 6 Burst Irregular Large Basket Cell (2)
180,NMLCL000259,Layer 6 Burst Irregular Large Basket Cell (3)
181,NMLCL000260,Layer 6 Burst Irregular Large Basket Cell (4)
182,NMLCL000261,Layer 6 Burst Irregular Large Basket Cell (5)
183,NMLCL000262,Layer 6 Burst Irregular Martinotti Cell (1)
184,NMLCL000263,Layer 6 Burst Irregular Martinotti Cell (2)
185,NMLCL000264,Layer 6 Burst Irregular Martinotti Cell (3)
186,NMLCL000265,Layer 6 Burst Irregular Martinotti Cell (4)
187,NMLCL000266,Layer 6 Burst Irregular Martinotti Cell (5)
188,NMLCL000267,Layer 6 Burst Irregular Nest Basket Cell (1)
189,NMLCL000268,Layer 6 Burst Irregular Nest Basket Cell (2)
190,NMLCL000269,Layer 6 Burst Irregular Nest Basket Cell (3)
191,NMLCL000270,Layer 6 Burst Irregular Nest Basket Cell (4)
192,NMLCL000271,Layer 6 Burst Irregular Nest Basket Cell (5)
193,NMLCL000272,Layer 1 Burst Non-accommodating Descending Axon Cell (1)
194,NMLCL000273,Layer 1 Burst Non-accommodating Descending Axon Cell (2)
195,NMLCL000274,Layer 1 Burst Non-accommodating Descending Axon Cell (3)
196,NMLCL000275,Layer 1 Burst Non-accommodating Descending Axon Cell (4)
197,NMLCL000276,Layer 1 Burst Non-accommodating Descending Axon Cell (5)
198,NMLCL000277,Layer 1 Burst Non-accommodating Horizontal Axon Cell (1)
199,NMLCL000278,Layer 1 Burst Non-accommodating Horizontal Axon Cell (2)
200,NMLCL000279,Layer 1 Burst Non-accommodating Horizontal Axon Cell (3)
201,NMLCL000280,Layer 1 Burst Non-accommodating Horizontal Axon Cell (4)
202,NMLCL000281,Layer 1 Burst Non-accommodating Horizontal Axon Cell (5)
203,NMLCL000282,Layer 1 Burst Non-accommodating Neurogliaform Cell with dense axonal arborization (1)
204,NMLCL000283,Layer 1 Burst Non-accommodating Neurogliaform Cell with dense axonal arborization (2)
205,NMLCL000284,Layer 1 Burst Non-accommodating Neurogliaform Cell with dense axonal arborization (3)
206,NMLCL000285,Layer 1 Burst Non-accommodating Neurogliaform Cell with dense axonal arborization (4)
207,NMLCL000286,Layer 1 Burst Non-accommodating Neurogliaform Cell with dense axonal arborization (5)
208,NMLCL000287,Layer 1 Burst Non-accommodating Small Axon Cell (1)
209,NMLCL000288,Layer 1 Burst Non-accommodating Small Axon Cell (2)
210,NMLCL000289,Layer 1 Burst Non-accommodating Small Axon Cell (3)
211,NMLCL000290,Layer 1 Burst Non-accommodating Small Axon Cell (4)
212,NMLCL000291,Layer 1 Burst Non-accommodating Small Axon Cell (5)
213,NMLCL000292,Layer 2/3 Burst Non-accommodating Bipolar Cell (1)
214,NMLCL000293,Layer 2/3 Burst Non-accommodating Bipolar Cell (2)
215,NMLCL000294,Layer 2/3 Burst Non-accommodating Bipolar Cell (3)
216,NMLCL000295,Layer 2/3 Burst Non-accommodating Bipolar Cell (4)
217,NMLCL000296,Layer 2/3 Burst Non-accommodating Bipolar Cell (5)
218,NMLCL000297,Layer 2/3 Burst Non-accommodating Bitufted Cell (1)
219,NMLCL000298,Layer 2/3 Burst Non-accommodating Bitufted Cell (2)
220,NMLCL000299,Layer 2/3 Burst Non-accommodating Bitufted Cell (3)
221,NMLCL000300,Layer 2/3 Burst Non-accommodating Bitufted Cell (4)
222,NMLCL000301,Layer 2/3 Burst Non-accommodating Bitufted Cell (5)
223,NMLCL000302,Layer 2/3 Burst Non-accommodating Double Bouquet Cell (1)
224,NMLCL000303,Layer 2/3 Burst Non-accommodating Double Bouquet Cell (2)
225,NMLCL000304,Layer 2/3 Burst Non-accommodating Double Bouquet Cell (3)
226,NMLCL000305,Layer 2/3 Burst Non-accommodating Double Bouquet Cell (4)
227,NMLCL000306,Layer 2/3 Burst Non-accommodating Double Bouquet Cell (5)
228,NMLCL000307,Layer 2/3 Burst Non-accommodating Large Basket Cell (1)
229,NMLCL000308,Layer 2/3 Burst Non-accommodating Large Basket Cell (2)
230,NMLCL000309,Layer 2/3 Burst Non-accommodating Large Basket Cell (3)
231,NMLCL000310,Layer 2/3 Burst Non-accommodating Large Basket Cell (4)
232,NMLCL000311,Layer 2/3 Burst Non-accommodating Large Basket Cell (5)
233,NMLCL000312,Layer 2/3 Burst Non-accommodating Martinotti Cell (1)
234,NMLCL000313,Layer 2/3 Burst Non-accommodating Martinotti Cell (2)
235,NMLCL000314,Layer 2/3 Burst Non-accommodating Martinotti Cell (3)
236,NMLCL000315,Layer 2/3 Burst Non-accommodating Martinotti Cell (4)
237,NMLCL000316,Layer 2/3 Burst Non-accommodating Martinotti Cell (5)
238,NMLCL000317,Layer 2/3 Burst Non-accommodating Nest Basket Cell (1)
239,NMLCL000318,Layer 2/3 Burst Non-accommodating Nest Basket Cell (2)
240,NMLCL000319,Layer 2/3 Burst Non-accommodating Nest Basket Cell (3)
241,NMLCL000320,Layer 2/3 Burst Non-accommodating Nest Basket Cell (4)
242,NMLCL000321,Layer 2/3 Burst Non-accommodating Nest Basket Cell (5)
243,NMLCL000322,Layer 2/3 Burst Non-accommodating Neurogliaform Cell (1)
244,NMLCL000323,Layer 2/3 Burst Non-accommodating Neurogliaform Cell (2)
245,NMLCL000324,Layer 2/3 Burst Non-accommodating Neurogliaform Cell (3)
246,NMLCL000325,Layer 2/3 Burst Non-accommodating Neurogliaform Cell (4)
247,NMLCL000326,Layer 2/3 Burst Non-accommodating Neurogliaform Cell (5)
248,NMLCL000327,Layer 2/3 Burst Non-accommodating Small Basket Cell (1)
249,NMLCL000328,Layer 2/3 Burst Non-accommodating Small Basket Cell (2)
250,NMLCL000329,Layer 2/3 Burst Non-accommodating Small Basket Cell (3)
251,NMLCL000330,Layer 2/3 Burst Non-accommodating Small Basket Cell (4)
252,NMLCL000331,Layer 2/3 Burst Non-accommodating Small Basket Cell (5)
253,NMLCL000332,Layer 4 Burst Non-accommodating Bipolar Cell (1)
254,NMLCL000333,Layer 4 Burst Non-accommodating Bipolar Cell (2)
255,NMLCL000334,Layer 4 Burst Non-accommodating Bipolar Cell (3)
256,NMLCL000335,Layer 4 Burst Non-accommodating Bipolar Cell (4)
257,NMLCL000336,Layer 4 Burst Non-accommodating Bipolar Cell (5)
258,NMLCL000337,Layer 4 Burst Non-accommodating Double Bouquet Cell (1)
259,NMLCL000338,Layer 4 Burst Non-accommodating Double Bouquet Cell (2)
260,NMLCL000339,Layer 4 Burst Non-accommodating Double Bouquet Cell (3)
261,NMLCL000340,Layer 4 Burst Non-accommodating Double Bouquet Cell (4)
262,NMLCL000341,Layer 4 Burst Non-accommodating Double Bouquet Cell (5)
263,NMLCL000342,Layer 4 Burst Non-accommodating Martinotti Cell (1)
264,NMLCL000343,Layer 4 Burst Non-accommodating Martinotti Cell (2)
265,NMLCL000344,Layer 4 Burst Non-accommodating Martinotti Cell (3)
266,NMLCL000345,Layer 4 Burst Non-accommodating Martinotti Cell (4)
267,NMLCL000346,Layer 4 Burst Non-accommodating Martinotti Cell (5)
268,NMLCL000347,Layer 4 Burst Non-accommodating Neurogliaform Cell (1)
269,NMLCL000348,Layer 4 Burst Non-accommodating Neurogliaform Cell (2)
270,NMLCL000349,Layer 4 Burst Non-accommodating Neurogliaform Cell (3)
271,NMLCL000350,Layer 4 Burst Non-accommodating Neurogliaform Cell (4)
272,NMLCL000351,Layer 4 Burst Non-accommodating Neurogliaform Cell (5)
273,NMLCL000352,Layer 4 Burst Non-accommodating Small Basket Cell (1)
274,NMLCL000353,Layer 4 Burst Non-accommodating Small Basket Cell (2)
275,NMLCL000354,Layer 4 Burst Non-accommodating Small Basket Cell (3)
276,NMLCL000355,Layer 4 Burst Non-accommodating Small Basket Cell (4)
277,NMLCL000356,Layer 4 Burst Non-accommodating Small Basket Cell (5)
278,NMLCL000357,Layer 5 Burst Non-accommodating Bipolar Cell (1)
279,NMLCL000358,Layer 5 Burst Non-accommodating Bipolar Cell (2)
280,NMLCL000359,Layer 5 Burst Non-accommodating Bipolar Cell (3)
281,NMLCL000360,Layer 5 Burst Non-accommodating Bipolar Cell (4)
282,NMLCL000361,Layer 5 Burst Non-accommodating Bipolar Cell (5)
283,NMLCL000362,Layer 5 Burst Non-accommodating Double Bouquet Cell (1)
284,NMLCL000363,Layer 5 Burst Non-accommodating Double Bouquet Cell (2)
285,NMLCL000364,Layer 5 Burst Non-accommodating Double Bouquet Cell (3)
286,NMLCL000365,Layer 5 Burst Non-accommodating Double Bouquet Cell (4)
287,NMLCL000366,Layer 5 Burst Non-accommodating Double Bouquet Cell (5)
288,NMLCL000367,Layer 5 Burst Non-accommodating Neurogliaform Cell (1)
289,NMLCL000368,Layer 5 Burst Non-accommodating Neurogliaform Cell (2)
290,NMLCL000369,Layer 5 Burst Non-accommodating Neurogliaform Cell (3)
291,NMLCL000370,Layer 5 Burst Non-accommodating Neurogliaform Cell (4)
292,NMLCL000371,Layer 5 Burst Non-accommodating Neurogliaform Cell (5)
293,NMLCL000372,Layer 5 Burst Non-accommodating Small Basket Cell (1)
294,NMLCL000373,Layer 5 Burst Non-accommodating Small Basket Cell (2)
295,NMLCL000374,Layer 5 Burst Non-accommodating Small Basket Cell (3)
296,NMLCL000375,Layer 5 Burst Non-accommodating Small Basket Cell (4)
297,NMLCL000376,Layer 5 Burst Non-accommodating Small Basket Cell (5)
298,NMLCL000377,Layer 6 Burst Non-accommodating Bipolar Cell (1)
299,NMLCL000378,Layer 6 Burst Non-accommodating Bipolar Cell (2)
300,NMLCL000379,Layer 6 Burst Non-accommodating Bipolar Cell (3)
301,NMLCL000380,Layer 6 Burst Non-accommodating Bipolar Cell (4)
302,NMLCL000381,Layer 6 Burst Non-accommodating Bipolar Cell (5)
303,NMLCL000382,Layer 6 Burst Non-accommodating Double Bouquet Cell (1)
304,NMLCL000383,Layer 6 Burst Non-accommodating Double Bouquet Cell (2)
305,NMLCL000384,Layer 6 Burst Non-accommodating Double Bouquet Cell (3)
306,NMLCL000385,Layer 6 Burst Non-accommodating Double Bouquet Cell (4)
307,NMLCL000386,Layer 6 Burst Non-accommodating Double Bouquet Cell (5)
308,NMLCL000387,Layer 6 Burst Non-accommodating Large Basket Cell (1)
309,NMLCL000388,Layer 6 Burst Non-accommodating Large Basket Cell (2)
310,NMLCL000389,Layer 6 Burst Non-accommodating Large Basket Cell (3)
311,NMLCL000390,Layer 6 Burst Non-accommodating Large Basket Cell (4)
312,NMLCL000391,Layer 6 Burst Non-accommodating Large Basket Cell (5)
313,NMLCL000392,Layer 6 Burst Non-accommodating Martinotti Cell (1)
314,NMLCL000393,Layer 6 Burst Non-accommodating Martinotti Cell (2)
315,NMLCL000394,Layer 6 Burst Non-accommodating Martinotti Cell (3)
316,NMLCL000395,Layer 6 Burst Non-accommodating Martinotti Cell (4)
317,NMLCL000396,Layer 6 Burst Non-accommodating Martinotti Cell (5)
318,NMLCL000397,Layer 6 Burst Non-accommodating Neurogliaform Cell (1)
319,NMLCL000398,Layer 6 Burst Non-accommodating Neurogliaform Cell (2)
320,NMLCL000399,Layer 6 Burst Non-accommodating Neurogliaform Cell (3)
321,NMLCL000400,Layer 6 Burst Non-accommodating Neurogliaform Cell (4)
322,NMLCL000401,Layer 6 Burst Non-accommodating Neurogliaform Cell (5)
323,NMLCL000402,Layer 6 Burst Non-accommodating Small Basket Cell (1)
324,NMLCL000403,Layer 6 Burst Non-accommodating Small Basket Cell (2)
325,NMLCL000404,Layer 6 Burst Non-accommodating Small Basket Cell (3)
326,NMLCL000405,Layer 6 Burst Non-accommodating Small Basket Cell (4)
327,NMLCL000406,Layer 6 Burst Non-accommodating Small Basket Cell (5)
328,NMLCL000407,Layer 4 Burst Stuttering Bitufted Cell (1)
329,NMLCL000408,Layer 4 Burst Stuttering Bitufted Cell (2)
330,NMLCL000409,Layer 4 Burst Stuttering Bitufted Cell (3)
331,NMLCL000410,Layer 4 Burst Stuttering Bitufted Cell (4)
332,NMLCL000411,Layer 4 Burst Stuttering Bitufted Cell (5)
333,NMLCL000412,Layer 4 Burst Stuttering Double Bouquet Cell (1)
334,NMLCL000413,Layer 4 Burst Stuttering Double Bouquet Cell (2)
335,NMLCL000414,Layer 4 Burst Stuttering Double Bouquet Cell (3)
336,NMLCL000415,Layer 4 Burst Stuttering Double Bouquet Cell (4)
337,NMLCL000416,Layer 4 Burst Stuttering Double Bouquet Cell (5)
338,NMLCL000417,Layer 5 Burst Stuttering Double Bouquet Cell (1)
339,NMLCL000418,Layer 5 Burst Stuttering Double Bouquet Cell (2)
340,NMLCL000419,Layer 5 Burst Stuttering Double Bouquet Cell (3)
341,NMLCL000420,Layer 5 Burst Stuttering Double Bouquet Cell (4)
342,NMLCL000421,Layer 5 Burst Stuttering Double Bouquet Cell (5)
343,NMLCL000422,Layer 5 Burst Stuttering Martinotti Cell (1)
344,NMLCL000423,Layer 5 Burst Stuttering Martinotti Cell (2)
345,NMLCL000424,Layer 5 Burst Stuttering Martinotti Cell (3)
346,NMLCL000425,Layer 5 Burst Stuttering Martinotti Cell (4)
347,NMLCL000426,Layer 5 Burst Stuttering Martinotti Cell (5)
348,NMLCL000427,Layer 5 Burst Stuttering Nest Basket Cell (1)
349,NMLCL000428,Layer 5 Burst Stuttering Nest Basket Cell (2)
350,NMLCL000429,Layer 5 Burst Stuttering Nest Basket Cell (3)
351,NMLCL000430,Layer 5 Burst Stuttering Nest Basket Cell (4)
352,NMLCL000431,Layer 5 Burst Stuttering Nest Basket Cell (5)
353,NMLCL000432,Layer 6 Burst Stuttering Double Bouquet Cell (1)
354,NMLCL000433,Layer 6 Burst Stuttering Double Bouquet Cell (2)
355,NMLCL000434,Layer 6 Burst Stuttering Double Bouquet Cell (3)
356,NMLCL000435,Layer 6 Burst Stuttering Double Bouquet Cell (4)
357,NMLCL000436,Layer 6 Burst Stuttering Double Bouquet Cell (5)
358,NMLCL000437,Layer 6 Burst Stuttering Large Basket Cell (1)
359,NMLCL000438,Layer 6 Burst Stuttering Large Basket Cell (2)
360,NMLCL000439,Layer 6 Burst Stuttering Large Basket Cell (3)
361,NMLCL000440,Layer 6 Burst Stuttering Large Basket Cell (4)
362,NMLCL000441,Layer 6 Burst Stuttering Large Basket Cell (5)
363,NMLCL000442,Layer 6 Burst Stuttering Martinotti Cell (1)
364,NMLCL000443,Layer 6 Burst Stuttering Martinotti Cell (2)
365,NMLCL000444,Layer 6 Burst Stuttering Martinotti Cell (3)
366,NMLCL000445,Layer 6 Burst Stuttering Martinotti Cell (4)
367,NMLCL000446,Layer 6 Burst Stuttering Martinotti Cell (5)
368,NMLCL000447,Layer 6 Burst Stuttering Nest Basket Cell (1)
369,NMLCL000448,Layer 6 Burst Stuttering Nest Basket Cell (2)
370,NMLCL000449,Layer 6 Burst Stuttering Nest Basket Cell (3)
371,NMLCL000450,Layer 6 Burst Stuttering Nest Basket Cell (4)
372,NMLCL000451,Layer 6 Burst Stuttering Nest Basket Cell (5)
373,NMLCL000452,Layer 1 Continuous Accommodating Neurogliaform Cell with dense axonal arborization (1)
374,NMLCL000453,Layer 1 Continuous Accommodating Neurogliaform Cell with dense axonal arborization (2)
375,NMLCL000454,Layer 1 Continuous Accommodating Neurogliaform Cell with dense axonal arborization (3)
376,NMLCL000455,Layer 1 Continuous Accommodating Neurogliaform Cell with dense axonal arborization (4)
377,NMLCL000456,Layer 1 Continuous Accommodating Neurogliaform Cell with dense axonal arborization (5)
378,NMLCL000457,Layer 1 Continuous Accommodating Small Axon Cell (1)
379,NMLCL000458,Layer 1 Continuous Accommodating Small Axon Cell (2)
380,NMLCL000459,Layer 1 Continuous Accommodating Small Axon Cell (3)
381,NMLCL000460,Layer 1 Continuous Accommodating Small Axon Cell (4)
382,NMLCL000461,Layer 1 Continuous Accommodating Small Axon Cell (5)
383,NMLCL000462,Layer 2/3 Continuous Accommodating Bipolar Cell (1)
384,NMLCL000463,Layer 2/3 Continuous Accommodating Bipolar Cell (2)
385,NMLCL000464,Layer 2/3 Continuous Accommodating Bipolar Cell (3)
386,NMLCL000465,Layer 2/3 Continuous Accommodating Bipolar Cell (4)
387,NMLCL000466,Layer 2/3 Continuous Accommodating Bipolar Cell (5)
388,NMLCL000467,Layer 2/3 Continuous Accommodating Bitufted Cell (1)
389,NMLCL000468,Layer 2/3 Continuous Accommodating Bitufted Cell (2)
390,NMLCL000469,Layer 2/3 Continuous Accommodating Bitufted Cell (3)
391,NMLCL000470,Layer 2/3 Continuous Accommodating Bitufted Cell (4)
392,NMLCL000471,Layer 2/3 Continuous Accommodating Bitufted Cell (5)
393,NMLCL000472,Layer 2/3 Continuous Accommodating Chandelier Cell (1)
394,NMLCL000473,Layer 2/3 Continuous Accommodating Chandelier Cell (2)
395,NMLCL000474,Layer 2/3 Continuous Accommodating Chandelier Cell (3)
396,NMLCL000475,Layer 2/3 Continuous Accommodating Chandelier Cell (4)
397,NMLCL000476,Layer 2/3 Continuous Accommodating Chandelier Cell (5)
398,NMLCL000477,Layer 2/3 Continuous Accommodating Double Bouquet Cell (1)
399,NMLCL000478,Layer 2/3 Continuous Accommodating Double Bouquet Cell (2)
400,NMLCL000479,Layer 2/3 Continuous Accommodating Double Bouquet Cell (3)
401,NMLCL000480,Layer 2/3 Continuous Accommodating Double Bouquet Cell (4)
402,NMLCL000481,Layer 2/3 Continuous Accommodating Double Bouquet Cell (5)
403,NMLCL000482,Layer 2/3 Continuous Accommodating Large Basket Cell (1)
404,NMLCL000483,Layer 2/3 Continuous Accommodating Large Basket Cell (2)
405,NMLCL000484,Layer 2/3 Continuous Accommodating Large Basket Cell (3)
406,NMLCL000485,Layer 2/3 Continuous Accommodating Large Basket Cell (4)
407,NMLCL000486,Layer 2/3 Continuous Accommodating Large Basket Cell (5)
408,NMLCL000487,Layer 2/3 Continuous Accommodating Martinotti Cell (1)
409,NMLCL000488,Layer 2/3 Continuous Accommodating Martinotti Cell (2)
410,NMLCL000489,Layer 2/3 Continuous Accommodating Martinotti Cell (3)
411,NMLCL000490,Layer 2/3 Continuous Accommodating Martinotti Cell (4)
412,NMLCL000491,Layer 2/3 Continuous Accommodating Martinotti Cell (5)
413,NMLCL000492,Layer 2/3 Continuous Accommodating Nest Basket Cell (1)
414,NMLCL000493,Layer 2/3 Continuous Accommodating Nest Basket Cell (2)
415,NMLCL000494,Layer 2/3 Continuous Accommodating Nest Basket Cell (3)
416,NMLCL000495,Layer 2/3 Continuous Accommodating Nest Basket Cell (4)
417,NMLCL000496,Layer 2/3 Continuous Accommodating Nest Basket Cell (5)
418,NMLCL000497,Layer 2/3 Continuous Accommodating Neurogliaform Cell (1)
419,NMLCL000498,Layer 2/3 Continuous Accommodating Neurogliaform Cell (2)
420,NMLCL000499,Layer 2/3 Continuous Accommodating Neurogliaform Cell (3)
421,NMLCL000500,Layer 2/3 Continuous Accommodating Neurogliaform Cell (4)
422,NMLCL000501,Layer 2/3 Continuous Accommodating Neurogliaform Cell (5)
423,NMLCL000502,Layer 2/3 Continuous Accommodating Small Basket Cell (1)
424,NMLCL000503,Layer 2/3 Continuous Accommodating Small Basket Cell (2)
425,NMLCL000504,Layer 2/3 Continuous Accommodating Small Basket Cell (3)
426,NMLCL000505,Layer 2/3 Continuous Accommodating Small Basket Cell (4)
427,NMLCL000506,Layer 2/3 Continuous Accommodating Small Basket Cell (5)
428,NMLCL000507,Layer 4 Continuous Accommodating Bipolar Cell (1)
429,NMLCL000508,Layer 4 Continuous Accommodating Bipolar Cell (2)
430,NMLCL000509,Layer 4 Continuous Accommodating Bipolar Cell (3)
431,NMLCL000510,Layer 4 Continuous Accommodating Bipolar Cell (4)
432,NMLCL000511,Layer 4 Continuous Accommodating Bipolar Cell (5)
433,NMLCL000512,Layer 4 Continuous Accommodating Bitufted Cell (1)
434,NMLCL000513,Layer 4 Continuous Accommodating Bitufted Cell (2)
435,NMLCL000514,Layer 4 Continuous Accommodating Bitufted Cell (3)
436,NMLCL000515,Layer 4 Continuous Accommodating Bitufted Cell (4)
437,NMLCL000516,Layer 4 Continuous Accommodating Bitufted Cell (5)
438,NMLCL000517,Layer 4 Continuous Accommodating Chandelier Cell (1)
439,NMLCL000518,Layer 4 Continuous Accommodating Chandelier Cell (2)
440,NMLCL000519,Layer 4 Continuous Accommodating Chandelier Cell (3)
441,NMLCL000520,Layer 4 Continuous Accommodating Chandelier Cell (4)
442,NMLCL000521,Layer 4 Continuous Accommodating Chandelier Cell (5)
443,NMLCL000522,Layer 4 Continuous Accommodating Double Bouquet Cell (1)
444,NMLCL000523,Layer 4 Continuous Accommodating Double Bouquet Cell (2)
445,NMLCL000524,Layer 4 Continuous Accommodating Double Bouquet Cell (3)
446,NMLCL000525,Layer 4 Continuous Accommodating Double Bouquet Cell (4)
447,NMLCL000526,Layer 4 Continuous Accommodating Double Bouquet Cell (5)
448,NMLCL000527,Layer 4 Continuous Accommodating Large Basket Cell (1)
449,NMLCL000528,Layer 4 Continuous Accommodating Large Basket Cell (2)
450,NMLCL000529,Layer 4 Continuous Accommodating Large Basket Cell (3)
451,NMLCL000530,Layer 4 Continuous Accommodating Large Basket Cell (4)
452,NMLCL000531,Layer 4 Continuous Accommodating Large Basket Cell (5)
453,NMLCL000532,Layer 4 Continuous Accommodating Martinotti Cell (1)
454,NMLCL000533,Layer 4 Continuous Accommodating Martinotti Cell (2)
455,NMLCL000534,Layer 4 Continuous Accommodating Martinotti Cell (3)
456,NMLCL000535,Layer 4 Continuous Accommodating Martinotti Cell (4)
457,NMLCL000536,Layer 4 Continuous Accommodating Martinotti Cell (5)
458,NMLCL000537,Layer 4 Continuous Accommodating Nest Basket Cell (1)
459,NMLCL000538,Layer 4 Continuous Accommodating Nest Basket Cell (2)
460,NMLCL000539,Layer 4 Continuous Accommodating Nest Basket Cell (3)
461,NMLCL000540,Layer 4 Continuous Accommodating Nest Basket Cell (4)
462,NMLCL000541,Layer 4 Continuous Accommodating Nest Basket Cell (5)
463,NMLCL000542,Layer 4 Continuous Accommodating Neurogliaform Cell (1)
464,NMLCL000543,Layer 4 Continuous Accommodating Neurogliaform Cell (2)
465,NMLCL000544,Layer 4 Continuous Accommodating Neurogliaform Cell (3)
466,NMLCL000545,Layer 4 Continuous Accommodating Neurogliaform Cell (4)
467,NMLCL000546,Layer 4 Continuous Accommodating Neurogliaform Cell (5)
468,NMLCL000547,Layer 4 Continuous Accommodating Small Basket Cell (1)
469,NMLCL000548,Layer 4 Continuous Accommodating Small Basket Cell (2)
470,NMLCL000549,Layer 4 Continuous Accommodating Small Basket Cell (3)
471,NMLCL000550,Layer 4 Continuous Accommodating Small Basket Cell (4)
472,NMLCL000551,Layer 4 Continuous Accommodating Small Basket Cell (5)
473,NMLCL000552,Layer 5 Continuous Accommodating Bipolar Cell (1)
474,NMLCL000553,Layer 5 Continuous Accommodating Bipolar Cell (2)
475,NMLCL000554,Layer 5 Continuous Accommodating Bipolar Cell (3)
476,NMLCL000555,Layer 5 Continuous Accommodating Bipolar Cell (4)
477,NMLCL000556,Layer 5 Continuous Accommodating Bipolar Cell (5)
478,NMLCL000557,Layer 5 Continuous Accommodating Bitufted Cell (1)
479,NMLCL000558,Layer 5 Continuous Accommodating Bitufted Cell (2)
480,NMLCL000559,Layer 5 Continuous Accommodating Bitufted Cell (3)
481,NMLCL000560,Layer 5 Continuous Accommodating Bitufted Cell (4)
482,NMLCL000561,Layer 5 Continuous Accommodating Bitufted Cell (5)
483,NMLCL000562,Layer 5 Continuous Accommodating Chandelier Cell (1)
484,NMLCL000563,Layer 5 Continuous Accommodating Chandelier Cell (2)
485,NMLCL000564,Layer 5 Continuous Accommodating Chandelier Cell (3)
486,NMLCL000565,Layer 5 Continuous Accommodating Chandelier Cell (4)
487,NMLCL000566,Layer 5 Continuous Accommodating Chandelier Cell (5)
488,NMLCL000567,Layer 5 Continuous Accommodating Double Bouquet Cell (1)
489,NMLCL000568,Layer 5 Continuous Accommodating Double Bouquet Cell (2)
490,NMLCL000569,Layer 5 Continuous Accommodating Double Bouquet Cell (3)
491,NMLCL000570,Layer 5 Continuous Accommodating Double Bouquet Cell (4)
492,NMLCL000571,Layer 5 Continuous Accommodating Double Bouquet Cell (5)
493,NMLCL000572,Layer 5 Continuous Accommodating Large Basket Cell (1)
494,NMLCL000573,Layer 5 Continuous Accommodating Large Basket Cell (2)
495,NMLCL000574,Layer 5 Continuous Accommodating Large Basket Cell (3)
496,NMLCL000575,Layer 5 Continuous Accommodating Large Basket Cell (4)
497,NMLCL000576,Layer 5 Continuous Accommodating Large Basket Cell (5)
498,NMLCL000577,Layer 5 Continuous Accommodating Martinotti Cell (1)
499,NMLCL000578,Layer 5 Continuous Accommodating Martinotti Cell (2)
500,NMLCL000579,Layer 5 Continuous Accommodating Martinotti Cell (3)
501,NMLCL000580,Layer 5 Continuous Accommodating Martinotti Cell (4)
502,NMLCL000581,Layer 5 Continuous Accommodating Martinotti Cell (5)
503,NMLCL000582,Layer 5 Continuous Accommodating Nest Basket Cell (1)
504,NMLCL000583,Layer 5 Continuous Accommodating Nest Basket Cell (2)
505,NMLCL000584,Layer 5 Continuous Accommodating Nest Basket Cell (3)
506,NMLCL000585,Layer 5 Continuous Accommodating Nest Basket Cell (4)
507,NMLCL000586,Layer 5 Continuous Accommodating Nest Basket Cell (5)
508,NMLCL000587,Layer 5 Continuous Accommodating Neurogliaform Cell (1)
509,NMLCL000588,Layer 5 Continuous Accommodating Neurogliaform Cell (2)
510,NMLCL000589,Layer 5 Continuous Accommodating Neurogliaform Cell (3)
511,NMLCL000590,Layer 5 Continuous Accommodating Neurogliaform Cell (4)
512,NMLCL000591,Layer 5 Continuous Accommodating Neurogliaform Cell (5)
513,NMLCL000592,Layer 5 Continuous Accommodating Small Basket Cell (1)
514,NMLCL000593,Layer 5 Continuous Accommodating Small Basket Cell (2)
515,NMLCL000594,Layer 5 Continuous Accommodating Small Basket Cell (3)
516,NMLCL000595,Layer 5 Continuous Accommodating Small Basket Cell (4)
517,NMLCL000596,Layer 5 Continuous Accommodating Small Basket Cell (5)
518,NMLCL000597,Layer 6 Continuous Accommodating Bipolar Cell (1)
519,NMLCL000598,Layer 6 Continuous Accommodating Bipolar Cell (2)
520,NMLCL000599,Layer 6 Continuous Accommodating Bipolar Cell (3)
521,NMLCL000600,Layer 6 Continuous Accommodating Bipolar Cell (4)
522,NMLCL000601,Layer 6 Continuous Accommodating Bipolar Cell (5)
523,NMLCL000602,Layer 6 Continuous Accommodating Bitufted Cell (1)
524,NMLCL000603,Layer 6 Continuous Accommodating Bitufted Cell (2)
525,NMLCL000604,Layer 6 Continuous Accommodating Bitufted Cell (3)
526,NMLCL000605,Layer 6 Continuous Accommodating Bitufted Cell (4)
527,NMLCL000606,Layer 6 Continuous Accommodating Bitufted Cell (5)
528,NMLCL000607,Layer 6 Continuous Accommodating Chandelier Cell (1)
529,NMLCL000608,Layer 6 Continuous Accommodating Chandelier Cell (2)
530,NMLCL000609,Layer 6 Continuous Accommodating Chandelier Cell (3)
531,NMLCL000610,Layer 6 Continuous Accommodating Chandelier Cell (4)
532,NMLCL000611,Layer 6 Continuous Accommodating Chandelier Cell (5)
533,NMLCL000612,Layer 6 Continuous Accommodating Double Bouquet Cell (1)
534,NMLCL000613,Layer 6 Continuous Accommodating Double Bouquet Cell (2)
535,NMLCL000614,Layer 6 Continuous Accommodating Double Bouquet Cell (3)
536,NMLCL000615,Layer 6 Continuous Accommodating Double Bouquet Cell (4)
537,NMLCL000616,Layer 6 Continuous Accommodating Double Bouquet Cell (5)
538,NMLCL000617,Layer 6 Continuous Accommodating Martinotti Cell (1)
539,NMLCL000618,Layer 6 Continuous Accommodating Martinotti Cell (2)
540,NMLCL000619,Layer 6 Continuous Accommodating Martinotti Cell (3)
541,NMLCL000620,Layer 6 Continuous Accommodating Martinotti Cell (4)
542,NMLCL000621,Layer 6 Continuous Accommodating Martinotti Cell (5)
543,NMLCL000622,Layer 6 Continuous Accommodating Nest Basket Cell (1)
544,NMLCL000623,Layer 6 Continuous Accommodating Nest Basket Cell (2)
545,NMLCL000624,Layer 6 Continuous Accommodating Nest Basket Cell (3)
546,NMLCL000625,Layer 6 Continuous Accommodating Nest Basket Cell (4)
547,NMLCL000626,Layer 6 Continuous Accommodating Nest Basket Cell (5)
548,NMLCL000627,Layer 6 Continuous Accommodating Neurogliaform Cell (1)
549,NMLCL000628,Layer 6 Continuous Accommodating Neurogliaform Cell (2)
550,NMLCL000629,Layer 6 Continuous Accommodating Neurogliaform Cell (3)
551,NMLCL000630,Layer 6 Continuous Accommodating Neurogliaform Cell (4)
552,NMLCL000631,Layer 6 Continuous Accommodating Neurogliaform Cell (5)
553,NMLCL000632,Layer 6 Continuous Accommodating Small Basket Cell (1)
554,NMLCL000633,Layer 6 Continuous Accommodating Small Basket Cell (2)
555,NMLCL000634,Layer 6 Continuous Accommodating Small Basket Cell (3)
556,NMLCL000635,Layer 6 Continuous Accommodating Small Basket Cell (4)
557,NMLCL000636,Layer 6 Continuous Accommodating Small Basket Cell (5)
558,NMLCL000637,Layer 2/3 Continuous Accommodating Pyramidal Cell (1)
559,NMLCL000638,Layer 2/3 Continuous Accommodating Pyramidal Cell (2)
560,NMLCL000639,Layer 2/3 Continuous Accommodating Pyramidal Cell (3)
561,NMLCL000640,Layer 2/3 Continuous Accommodating Pyramidal Cell (4)
562,NMLCL000641,Layer 2/3 Continuous Accommodating Pyramidal Cell (5)
563,NMLCL000642,Layer 4 Continuous Accommodating Pyramidal Cell (1)
564,NMLCL000643,Layer 4 Continuous Accommodating Pyramidal Cell (2)
565,NMLCL000644,Layer 4 Continuous Accommodating Pyramidal Cell (3)
566,NMLCL000645,Layer 4 Continuous Accommodating Pyramidal Cell (4)
567,NMLCL000646,Layer 4 Continuous Accommodating Pyramidal Cell (5)
568,NMLCL000647,Layer 4 Continuous Accommodating Star Pyramidal Cell (1)
569,NMLCL000648,Layer 4 Continuous Accommodating Star Pyramidal Cell (2)
570,NMLCL000649,Layer 4 Continuous Accommodating Star Pyramidal Cell (3)
571,NMLCL000650,Layer 4 Continuous Accommodating Star Pyramidal Cell (4)
572,NMLCL000651,Layer 4 Continuous Accommodating Star Pyramidal Cell (5)
573,NMLCL000652,Layer 4 Continuous Accommodating Spiny Stellate Cell (1)
574,NMLCL000653,Layer 4 Continuous Accommodating Spiny Stellate Cell (2)
575,NMLCL000654,Layer 4 Continuous Accommodating Spiny Stellate Cell (3)
576,NMLCL000655,Layer 4 Continuous Accommodating Spiny Stellate Cell (4)
577,NMLCL000656,Layer 4 Continuous Accommodating Spiny Stellate Cell (5)
578,NMLCL000657,Layer 6 Continuous Accommodating Pyramidal Cell with bipolar apical-like dendrites (1)
579,NMLCL000658,Layer 6 Continuous Accommodating Pyramidal Cell with bipolar apical-like dendrites (2)
580,NMLCL000659,Layer 6 Continuous Accommodating Pyramidal Cell with bipolar apical-like dendrites (3)
581,NMLCL000660,Layer 6 Continuous Accommodating Pyramidal Cell with bipolar apical-like dendrites (4)
582,NMLCL000661,Layer 6 Continuous Accommodating Pyramidal Cell with bipolar apical-like dendrites (5)
583,NMLCL000662,Layer 6 Continuous Accommodating Pyramidal Cell with inverted apical-like dendrites (1)
584,NMLCL000663,Layer 6 Continuous Accommodating Pyramidal Cell with inverted apical-like dendrites (2)
585,NMLCL000664,Layer 6 Continuous Accommodating Pyramidal Cell with inverted apical-like dendrites (3)
586,NMLCL000665,Layer 6 Continuous Accommodating Pyramidal Cell with inverted apical-like dendrites (4)
587,NMLCL000666,Layer 6 Continuous Accommodating Pyramidal Cell with inverted apical-like dendrites (5)
588,NMLCL000667,Layer 6 Continuous Accommodating Tufted Pyramidal Cell with apical dendrites terminating in layer 1 (1)
589,NMLCL000668,Layer 6 Continuous Accommodating Tufted Pyramidal Cell with apical dendrites terminating in layer 1 (2)
590,NMLCL000669,Layer 6 Continuous Accommodating Tufted Pyramidal Cell with apical dendrites terminating in layer 1 (3)
591,NMLCL000670,Layer 6 Continuous Accommodating Tufted Pyramidal Cell with apical dendrites terminating in layer 1 (4)
592,NMLCL000671,Layer 6 Continuous Accommodating Tufted Pyramidal Cell with apical dendrites terminating in layer 1 (5)
593,NMLCL000672,Layer 6 Continuous Accommodating Tufted Pyramidal Cell with apical dendrites terminating in layer 4 (1)
594,NMLCL000673,Layer 6 Continuous Accommodating Tufted Pyramidal Cell with apical dendrites terminating in layer 4 (2)
595,NMLCL000674,Layer 6 Continuous Accommodating Tufted Pyramidal Cell with apical dendrites terminating in layer 4 (3)
596,NMLCL000675,Layer 6 Continuous Accommodating Tufted Pyramidal Cell with apical dendrites terminating in layer 4 (4)
597,NMLCL000676,Layer 6 Continuous Accommodating Tufted Pyramidal Cell with apical dendrites terminating in layer 4 (5)
598,NMLCL000677,Layer 6 Continuous Accommodating Untufted Pyramidal Cell (1)
599,NMLCL000678,Layer 6 Continuous Accommodating Untufted Pyramidal Cell (2)
600,NMLCL000679,Layer 6 Continuous Accommodating Untufted Pyramidal Cell (3)
601,NMLCL000680,Layer 6 Continuous Accommodating Untufted Pyramidal Cell (4)
602,NMLCL000681,Layer 6 Continuous Accommodating Untufted Pyramidal Cell (5)
603,NMLCL000682,Layer 5 Continuous Accommodating Slender-tufted Pyramidal Cell (1)
604,NMLCL000683,Layer 5 Continuous Accommodating Slender-tufted Pyramidal Cell (2)
605,NMLCL000684,Layer 5 Continuous Accommodating Slender-tufted Pyramidal Cell (3)
606,NMLCL000685,Layer 5 Continuous Accommodating Slender-tufted Pyramidal Cell (4)
607,NMLCL000686,Layer 5 Continuous Accommodating Slender-tufted Pyramidal Cell (5)
608,NMLCL000687,Layer 5 Continuous Accommodating Thick-tufted Pyramidal Cell with a late bifurcating apical tuft (1)
609,NMLCL000688,Layer 5 Continuous Accommodating Thick-tufted Pyramidal Cell with a late bifurcating apical tuft (2)
610,NMLCL000689,Layer 5 Continuous Accommodating Thick-tufted Pyramidal Cell with a late bifurcating apical tuft (3)
611,NMLCL000690,Layer 5 Continuous Accommodating Thick-tufted Pyramidal Cell with a late bifurcating apical tuft (4)
612,NMLCL000691,Layer 5 Continuous Accommodating Thick-tufted Pyramidal Cell with a late bifurcating apical tuft (5)
613,NMLCL000692,Layer 5 Continuous Accommodating Thick-tufted Pyramidal Cell with an early bifurcating apical tuft (1)
614,NMLCL000693,Layer 5 Continuous Accommodating Thick-tufted Pyramidal Cell with an early bifurcating apical tuft (2)
615,NMLCL000694,Layer 5 Continuous Accommodating Thick-tufted Pyramidal Cell with an early bifurcating apical tuft (3)
616,NMLCL000695,Layer 5 Continuous Accommodating Thick-tufted Pyramidal Cell with an early bifurcating apical tuft (4)
617,NMLCL000696,Layer 5 Continuous Accommodating Thick-tufted Pyramidal Cell with an early bifurcating apical tuft (5)
618,NMLCL000697,Layer 5 Continuous Accommodating Untufted Pyramidal Cell (1)
619,NMLCL000698,Layer 5 Continuous Accommodating Untufted Pyramidal Cell (2)
620,NMLCL000699,Layer 5 Continuous Accommodating Untufted Pyramidal Cell (3)
621,NMLCL000700,Layer 5 Continuous Accommodating Untufted Pyramidal Cell (4)
622,NMLCL000701,Layer 5 Continuous Accommodating Untufted Pyramidal Cell (5)
623,NMLCL000702,Layer 1 Continuous Irregular Horizontal Axon Cell (1)
624,NMLCL000703,Layer 1 Continuous Irregular Horizontal Axon Cell (2)
625,NMLCL000704,Layer 1 Continuous Irregular Horizontal Axon Cell (3)
626,NMLCL000705,Layer 1 Continuous Irregular Horizontal Axon Cell (4)
627,NMLCL000706,Layer 1 Continuous Irregular Horizontal Axon Cell (5)
628,NMLCL000707,Layer 2/3 Continuous Irregular Nest Basket Cell (1)
629,NMLCL000708,Layer 2/3 Continuous Irregular Nest Basket Cell (2)
630,NMLCL000709,Layer 2/3 Continuous Irregular Nest Basket Cell (3)
631,NMLCL000710,Layer 2/3 Continuous Irregular Nest Basket Cell (4)
632,NMLCL000711,Layer 2/3 Continuous Irregular Nest Basket Cell (5)
633,NMLCL000712,Layer 4 Continuous Irregular Double Bouquet Cell (1)
634,NMLCL000713,Layer 4 Continuous Irregular Double Bouquet Cell (2)
635,NMLCL000714,Layer 4 Continuous Irregular Double Bouquet Cell (3)
636,NMLCL000715,Layer 4 Continuous Irregular Double Bouquet Cell (4)
637,NMLCL000716,Layer 4 Continuous Irregular Double Bouquet Cell (5)
638,NMLCL000717,Layer 4 Continuous Irregular Nest Basket Cell (1)
639,NMLCL000718,Layer 4 Continuous Irregular Nest Basket Cell (2)
640,NMLCL000719,Layer 4 Continuous Irregular Nest Basket Cell (3)
641,NMLCL000720,Layer 4 Continuous Irregular Nest Basket Cell (4)
642,NMLCL000721,Layer 4 Continuous Irregular Nest Basket Cell (5)
643,NMLCL000722,Layer 5 Continuous Irregular Double Bouquet Cell (1)
644,NMLCL000723,Layer 5 Continuous Irregular Double Bouquet Cell (2)
645,NMLCL000724,Layer 5 Continuous Irregular Double Bouquet Cell (3)
646,NMLCL000725,Layer 5 Continuous Irregular Double Bouquet Cell (4)
647,NMLCL000726,Layer 5 Continuous Irregular Double Bouquet Cell (5)
648,NMLCL000727,Layer 5 Continuous Irregular Large Basket Cell (1)
649,NMLCL000728,Layer 5 Continuous Irregular Large Basket Cell (2)
650,NMLCL000729,Layer 5 Continuous Irregular Large Basket Cell (3)
651,NMLCL000730,Layer 5 Continuous Irregular Large Basket Cell (4)
652,NMLCL000731,Layer 5 Continuous Irregular Large Basket Cell (5)
653,NMLCL000732,Layer 5 Continuous Irregular Nest Basket Cell (1)
654,NMLCL000733,Layer 5 Continuous Irregular Nest Basket Cell (2)
655,NMLCL000734,Layer 5 Continuous Irregular Nest Basket Cell (3)
656,NMLCL000735,Layer 5 Continuous Irregular Nest Basket Cell (4)
657,NMLCL000736,Layer 5 Continuous Irregular Nest Basket Cell (5)
658,NMLCL000737,Layer 6 Continuous Irregular Double Bouquet Cell (1)
659,NMLCL000738,Layer 6 Continuous Irregular Double Bouquet Cell (2)
660,NMLCL000739,Layer 6 Continuous Irregular Double Bouquet Cell (3)
661,NMLCL000740,Layer 6 Continuous Irregular Double Bouquet Cell (4)
662,NMLCL000741,Layer 6 Continuous Irregular Double Bouquet Cell (5)
663,NMLCL000742,Layer 6 Continuous Irregular Martinotti Cell (1)
664,NMLCL000743,Layer 6 Continuous Irregular Martinotti Cell (2)
665,NMLCL000744,Layer 6 Continuous Irregular Martinotti Cell (3)
666,NMLCL000745,Layer 6 Continuous Irregular Martinotti Cell (4)
667,NMLCL000746,Layer 6 Continuous Irregular Martinotti Cell (5)
668,NMLCL000747,Layer 6 Continuous Irregular Nest Basket Cell (1)
669,NMLCL000748,Layer 6 Continuous Irregular Nest Basket Cell (2)
670,NMLCL000749,Layer 6 Continuous Irregular Nest Basket Cell (3)
671,NMLCL000750,Layer 6 Continuous Irregular Nest Basket Cell (4)
672,NMLCL000751,Layer 6 Continuous Irregular Nest Basket Cell (5)
673,NMLCL000752,Layer 1 Continuous Non-accommodating Descending Axon Cell (1)
674,NMLCL000753,Layer 1 Continuous Non-accommodating Descending Axon Cell (2)
675,NMLCL000754,Layer 1 Continuous Non-accommodating Descending Axon Cell (3)
676,NMLCL000755,Layer 1 Continuous Non-accommodating Descending Axon Cell (4)
677,NMLCL000756,Layer 1 Continuous Non-accommodating Descending Axon Cell (5)
678,NMLCL000757,Layer 1 Continuous Non-accommodating Large Axon Cell (1)
679,NMLCL000758,Layer 1 Continuous Non-accommodating Large Axon Cell (2)
680,NMLCL000759,Layer 1 Continuous Non-accommodating Large Axon Cell (3)
681,NMLCL000760,Layer 1 Continuous Non-accommodating Large Axon Cell (4)
682,NMLCL000761,Layer 1 Continuous Non-accommodating Large Axon Cell (5)
683,NMLCL000762,Layer 1 Continuous Non-accommodating Horizontal Axon Cell (1)
684,NMLCL000763,Layer 1 Continuous Non-accommodating Horizontal Axon Cell (2)
685,NMLCL000764,Layer 1 Continuous Non-accommodating Horizontal Axon Cell (3)
686,NMLCL000765,Layer 1 Continuous Non-accommodating Horizontal Axon Cell (4)
687,NMLCL000766,Layer 1 Continuous Non-accommodating Horizontal Axon Cell (5)
688,NMLCL000767,Layer 1 Continuous Non-accommodating Neurogliaform Cell with dense axonal arborization (1)
689,NMLCL000768,Layer 1 Continuous Non-accommodating Neurogliaform Cell with dense axonal arborization (2)
690,NMLCL000769,Layer 1 Continuous Non-accommodating Neurogliaform Cell with dense axonal arborization (3)
691,NMLCL000770,Layer 1 Continuous Non-accommodating Neurogliaform Cell with dense axonal arborization (4)
692,NMLCL000771,Layer 1 Continuous Non-accommodating Neurogliaform Cell with dense axonal arborization (5)
693,NMLCL000772,Layer 1 Continuous Non-accommodating Neurogliaform Cell with slender axonal arborization (1)
694,NMLCL000773,Layer 1 Continuous Non-accommodating Neurogliaform Cell with slender axonal arborization (2)
695,NMLCL000774,Layer 1 Continuous Non-accommodating Neurogliaform Cell with slender axonal arborization (3)
696,NMLCL000775,Layer 1 Continuous Non-accommodating Neurogliaform Cell with slender axonal arborization (4)
697,NMLCL000776,Layer 1 Continuous Non-accommodating Neurogliaform Cell with slender axonal arborization (5)
698,NMLCL000777,Layer 1 Continuous Non-accommodating Small Axon Cell (1)
699,NMLCL000778,Layer 1 Continuous Non-accommodating Small Axon Cell (2)
700,NMLCL000779,Layer 1 Continuous Non-accommodating Small Axon Cell (3)
701,NMLCL000780,Layer 1 Continuous Non-accommodating Small Axon Cell (4)
702,NMLCL000781,Layer 1 Continuous Non-accommodating Small Axon Cell (5)
703,NMLCL000782,Layer 2/3 Continuous Non-accommodating Bipolar Cell (1)
704,NMLCL000783,Layer 2/3 Continuous Non-accommodating Bipolar Cell (2)
705,NMLCL000784,Layer 2/3 Continuous Non-accommodating Bipolar Cell (3)
706,NMLCL000785,Layer 2/3 Continuous Non-accommodating Bipolar Cell (4)
707,NMLCL000786,Layer 2/3 Continuous Non-accommodating Bipolar Cell (5)
708,NMLCL000787,Layer 2/3 Continuous Non-accommodating Bitufted Cell (1)
709,NMLCL000788,Layer 2/3 Continuous Non-accommodating Bitufted Cell (2)
710,NMLCL000789,Layer 2/3 Continuous Non-accommodating Bitufted Cell (3)
711,NMLCL000790,Layer 2/3 Continuous Non-accommodating Bitufted Cell (4)
712,NMLCL000791,Layer 2/3 Continuous Non-accommodating Bitufted Cell (5)
713,NMLCL000792,Layer 2/3 Continuous Non-accommodating Chandelier Cell (1)
714,NMLCL000793,Layer 2/3 Continuous Non-accommodating Chandelier Cell (2)
715,NMLCL000794,Layer 2/3 Continuous Non-accommodating Chandelier Cell (3)
716,NMLCL000795,Layer 2/3 Continuous Non-accommodating Chandelier Cell (4)
717,NMLCL000796,Layer 2/3 Continuous Non-accommodating Chandelier Cell (5)
718,NMLCL000797,Layer 2/3 Continuous Non-accommodating Large Basket Cell (1)
719,NMLCL000798,Layer 2/3 Continuous Non-accommodating Large Basket Cell (2)
720,NMLCL000799,Layer 2/3 Continuous Non-accommodating Large Basket Cell (3)
721,NMLCL000800,Layer 2/3 Continuous Non-accommodating Large Basket Cell (4)
722,NMLCL000801,Layer 2/3 Continuous Non-accommodating Large Basket Cell (5)
723,NMLCL000802,Layer 2/3 Continuous Non-accommodating Martinotti Cell (1)
724,NMLCL000803,Layer 2/3 Continuous Non-accommodating Martinotti Cell (2)
725,NMLCL000804,Layer 2/3 Continuous Non-accommodating Martinotti Cell (3)
726,NMLCL000805,Layer 2/3 Continuous Non-accommodating Martinotti Cell (4)
727,NMLCL000806,Layer 2/3 Continuous Non-accommodating Martinotti Cell (5)
728,NMLCL000807,Layer 2/3 Continuous Non-accommodating Nest Basket Cell (1)
729,NMLCL000808,Layer 2/3 Continuous Non-accommodating Nest Basket Cell (2)
730,NMLCL000809,Layer 2/3 Continuous Non-accommodating Nest Basket Cell (3)
731,NMLCL000810,Layer 2/3 Continuous Non-accommodating Nest Basket Cell (4)
732,NMLCL000811,Layer 2/3 Continuous Non-accommodating Nest Basket Cell (5)
733,NMLCL000812,Layer 2/3 Continuous Non-accommodating Neurogliaform Cell (1)
734,NMLCL000813,Layer 2/3 Continuous Non-accommodating Neurogliaform Cell (2)
735,NMLCL000814,Layer 2/3 Continuous Non-accommodating Neurogliaform Cell (3)
736,NMLCL000815,Layer 2/3 Continuous Non-accommodating Neurogliaform Cell (4)
737,NMLCL000816,Layer 2/3 Continuous Non-accommodating Neurogliaform Cell (5)
738,NMLCL000817,Layer 4 Continuous Non-accommodating Bipolar Cell (1)
739,NMLCL000818,Layer 4 Continuous Non-accommodating Bipolar Cell (2)
740,NMLCL000819,Layer 4 Continuous Non-accommodating Bipolar Cell (3)
741,NMLCL000820,Layer 4 Continuous Non-accommodating Bipolar Cell (4)
742,NMLCL000821,Layer 4 Continuous Non-accommodating Bipolar Cell (5)
743,NMLCL000822,Layer 4 Continuous Non-accommodating Bitufted Cell (1)
744,NMLCL000823,Layer 4 Continuous Non-accommodating Bitufted Cell (2)
745,NMLCL000824,Layer 4 Continuous Non-accommodating Bitufted Cell (3)
746,NMLCL000825,Layer 4 Continuous Non-accommodating Bitufted Cell (4)
747,NMLCL000826,Layer 4 Continuous Non-accommodating Bitufted Cell (5)
748,NMLCL000827,Layer 4 Continuous Non-accommodating Chandelier Cell (1)
749,NMLCL000828,Layer 4 Continuous Non-accommodating Chandelier Cell (2)
750,NMLCL000829,Layer 4 Continuous Non-accommodating Chandelier Cell (3)
751,NMLCL000830,Layer 4 Continuous Non-accommodating Chandelier Cell (4)
752,NMLCL000831,Layer 4 Continuous Non-accommodating Chandelier Cell (5)
753,NMLCL000832,Layer 4 Continuous Non-accommodating Double Bouquet Cell (1)
754,NMLCL000833,Layer 4 Continuous Non-accommodating Double Bouquet Cell (2)
755,NMLCL000834,Layer 4 Continuous Non-accommodating Double Bouquet Cell (3)
756,NMLCL000835,Layer 4 Continuous Non-accommodating Double Bouquet Cell (4)
757,NMLCL000836,Layer 4 Continuous Non-accommodating Double Bouquet Cell (5)
758,NMLCL000837,Layer 4 Continuous Non-accommodating Large Basket Cell (1)
759,NMLCL000838,Layer 4 Continuous Non-accommodating Large Basket Cell (2)
760,NMLCL000839,Layer 4 Continuous Non-accommodating Large Basket Cell (3)
761,NMLCL000840,Layer 4 Continuous Non-accommodating Large Basket Cell (4)
762,NMLCL000841,Layer 4 Continuous Non-accommodating Large Basket Cell (5)
763,NMLCL000842,Layer 4 Continuous Non-accommodating Martinotti Cell (1)
764,NMLCL000843,Layer 4 Continuous Non-accommodating Martinotti Cell (2)
765,NMLCL000844,Layer 4 Continuous Non-accommodating Martinotti Cell (3)
766,NMLCL000845,Layer 4 Continuous Non-accommodating Martinotti Cell (4)
767,NMLCL000846,Layer 4 Continuous Non-accommodating Martinotti Cell (5)
768,NMLCL000847,Layer 4 Continuous Non-accommodating Nest Basket Cell (1)
769,NMLCL000848,Layer 4 Continuous Non-accommodating Nest Basket Cell (2)
770,NMLCL000849,Layer 4 Continuous Non-accommodating Nest Basket Cell (3)
771,NMLCL000850,Layer 4 Continuous Non-accommodating Nest Basket Cell (4)
772,NMLCL000851,Layer 4 Continuous Non-accommodating Nest Basket Cell (5)
773,NMLCL000852,Layer 4 Continuous Non-accommodating Neurogliaform Cell (1)
774,NMLCL000853,Layer 4 Continuous Non-accommodating Neurogliaform Cell (2)
775,NMLCL000854,Layer 4 Continuous Non-accommodating Neurogliaform Cell (3)
776,NMLCL000855,Layer 4 Continuous Non-accommodating Neurogliaform Cell (4)
777,NMLCL000856,Layer 4 Continuous Non-accommodating Neurogliaform Cell (5)
778,NMLCL000857,Layer 5 Continuous Non-accommodating Bipolar Cell (1)
779,NMLCL000858,Layer 5 Continuous Non-accommodating Bipolar Cell (2)
780,NMLCL000859,Layer 5 Continuous Non-accommodating Bipolar Cell (3)
781,NMLCL000860,Layer 5 Continuous Non-accommodating Bipolar Cell (4)
782,NMLCL000861,Layer 5 Continuous Non-accommodating Bipolar Cell (5)
783,NMLCL000862,Layer 5 Continuous Non-accommodating Bitufted Cell (1)
784,NMLCL000863,Layer 5 Continuous Non-accommodating Bitufted Cell (2)
785,NMLCL000864,Layer 5 Continuous Non-accommodating Bitufted Cell (3)
786,NMLCL000865,Layer 5 Continuous Non-accommodating Bitufted Cell (4)
787,NMLCL000866,Layer 5 Continuous Non-accommodating Bitufted Cell (5)
788,NMLCL000867,Layer 5 Continuous Non-accommodating Chandelier Cell (1)
789,NMLCL000868,Layer 5 Continuous Non-accommodating Chandelier Cell (2)
790,NMLCL000869,Layer 5 Continuous Non-accommodating Chandelier Cell (3)
791,NMLCL000870,Layer 5 Continuous Non-accommodating Chandelier Cell (4)
792,NMLCL000871,Layer 5 Continuous Non-accommodating Chandelier Cell (5)
793,NMLCL000872,Layer 5 Continuous Non-accommodating Double Bouquet Cell (1)
794,NMLCL000873,Layer 5 Continuous Non-accommodating Double Bouquet Cell (2)
795,NMLCL000874,Layer 5 Continuous Non-accommodating Double Bouquet Cell (3)
796,NMLCL000875,Layer 5 Continuous Non-accommodating Double Bouquet Cell (4)
797,NMLCL000876,Layer 5 Continuous Non-accommodating Double Bouquet Cell (5)
798,NMLCL000877,Layer 5 Continuous Non-accommodating Large Basket Cell (1)
799,NMLCL000878,Layer 5 Continuous Non-accommodating Large Basket Cell (2)
800,NMLCL000879,Layer 5 Continuous Non-accommodating Large Basket Cell (3)
801,NMLCL000880,Layer 5 Continuous Non-accommodating Large Basket Cell (4)
802,NMLCL000881,Layer 5 Continuous Non-accommodating Large Basket Cell (5)
803,NMLCL000882,Layer 5 Continuous Non-accommodating Martinotti Cell (1)
804,NMLCL000883,Layer 5 Continuous Non-accommodating Martinotti Cell (2)
805,NMLCL000884,Layer 5 Continuous Non-accommodating Martinotti Cell (3)
806,NMLCL000885,Layer 5 Continuous Non-accommodating Martinotti Cell (4)
807,NMLCL000886,Layer 5 Continuous Non-accommodating Martinotti Cell (5)
808,NMLCL000887,Layer 5 Continuous Non-accommodating Nest Basket Cell (1)
809,NMLCL000888,Layer 5 Continuous Non-accommodating Nest Basket Cell (2)
810,NMLCL000889,Layer 5 Continuous Non-accommodating Nest Basket Cell (3)
811,NMLCL000890,Layer 5 Continuous Non-accommodating Nest Basket Cell (4)
812,NMLCL000891,Layer 5 Continuous Non-accommodating Nest Basket Cell (5)
813,NMLCL000892,Layer 5 Continuous Non-accommodating Neurogliaform Cell (1)
814,NMLCL000893,Layer 5 Continuous Non-accommodating Neurogliaform Cell (2)
815,NMLCL000894,Layer 5 Continuous Non-accommodating Neurogliaform Cell (3)
816,NMLCL000895,Layer 5 Continuous Non-accommodating Neurogliaform Cell (4)
817,NMLCL000896,Layer 5 Continuous Non-accommodating Neurogliaform Cell (5)
818,NMLCL000897,Layer 6 Continuous Non-accommodating Bipolar Cell (1)
819,NMLCL000898,Layer 6 Continuous Non-accommodating Bipolar Cell (2)
820,NMLCL000899,Layer 6 Continuous Non-accommodating Bipolar Cell (3)
821,NMLCL000900,Layer 6 Continuous Non-accommodating Bipolar Cell (4)
822,NMLCL000901,Layer 6 Continuous Non-accommodating Bipolar Cell (5)
823,NMLCL000902,Layer 6 Continuous Non-accommodating Bitufted Cell (1)
824,NMLCL000903,Layer 6 Continuous Non-accommodating Bitufted Cell (2)
825,NMLCL000904,Layer 6 Continuous Non-accommodating Bitufted Cell (3)
826,NMLCL000905,Layer 6 Continuous Non-accommodating Bitufted Cell (4)
827,NMLCL000906,Layer 6 Continuous Non-accommodating Bitufted Cell (5)
828,NMLCL000907,Layer 6 Continuous Non-accommodating Chandelier Cell (1)
829,NMLCL000908,Layer 6 Continuous Non-accommodating Chandelier Cell (2)
830,NMLCL000909,Layer 6 Continuous Non-accommodating Chandelier Cell (3)
831,NMLCL000910,Layer 6 Continuous Non-accommodating Chandelier Cell (4)
832,NMLCL000911,Layer 6 Continuous Non-accommodating Chandelier Cell (5)
833,NMLCL000912,Layer 6 Continuous Non-accommodating Double Bouquet Cell (1)
834,NMLCL000913,Layer 6 Continuous Non-accommodating Double Bouquet Cell (2)
835,NMLCL000914,Layer 6 Continuous Non-accommodating Double Bouquet Cell (3)
836,NMLCL000915,Layer 6 Continuous Non-accommodating Double Bouquet Cell (4)
837,NMLCL000916,Layer 6 Continuous Non-accommodating Double Bouquet Cell (5)
838,NMLCL000917,Layer 6 Continuous Non-accommodating Large Basket Cell (1)
839,NMLCL000918,Layer 6 Continuous Non-accommodating Large Basket Cell (2)
840,NMLCL000919,Layer 6 Continuous Non-accommodating Large Basket Cell (3)
841,NMLCL000920,Layer 6 Continuous Non-accommodating Large Basket Cell (4)
842,NMLCL000921,Layer 6 Continuous Non-accommodating Large Basket Cell (5)
843,NMLCL000922,Layer 6 Continuous Non-accommodating Martinotti Cell (1)
844,NMLCL000923,Layer 6 Continuous Non-accommodating Martinotti Cell (2)
845,NMLCL000924,Layer 6 Continuous Non-accommodating Martinotti Cell (3)
846,NMLCL000925,Layer 6 Continuous Non-accommodating Martinotti Cell (4)
847,NMLCL000926,Layer 6 Continuous Non-accommodating Martinotti Cell (5)
848,NMLCL000927,Layer 6 Continuous Non-accommodating Nest Basket Cell (1)
849,NMLCL000928,Layer 6 Continuous Non-accommodating Nest Basket Cell (2)
850,NMLCL000929,Layer 6 Continuous Non-accommodating Nest Basket Cell (3)
851,NMLCL000930,Layer 6 Continuous Non-accommodating Nest Basket Cell (4)
852,NMLCL000931,Layer 6 Continuous Non-accommodating Nest Basket Cell (5)
853,NMLCL000932,Layer 6 Continuous Non-accommodating Neurogliaform Cell (1)
854,NMLCL000933,Layer 6 Continuous Non-accommodating Neurogliaform Cell (2)
855,NMLCL000934,Layer 6 Continuous Non-accommodating Neurogliaform Cell (3)
856,NMLCL000935,Layer 6 Continuous Non-accommodating Neurogliaform Cell (4)
857,NMLCL000936,Layer 6 Continuous Non-accommodating Neurogliaform Cell (5)
858,NMLCL000937,Layer 1 Continuous Stuttering Neurogliaform Cell with dense axonal arborization (1)
859,NMLCL000938,Layer 1 Continuous Stuttering Neurogliaform Cell with dense axonal arborization (2)
860,NMLCL000939,Layer 1 Continuous Stuttering Neurogliaform Cell with dense axonal arborization (3)
861,NMLCL000940,Layer 1 Continuous Stuttering Neurogliaform Cell with dense axonal arborization (4)
862,NMLCL000941,Layer 1 Continuous Stuttering Neurogliaform Cell with dense axonal arborization (5)
863,NMLCL000942,Layer 2/3 Continuous Stuttering Large Basket Cell (1)
864,NMLCL000943,Layer 2/3 Continuous Stuttering Large Basket Cell (2)
865,NMLCL000944,Layer 2/3 Continuous Stuttering Large Basket Cell (3)
866,NMLCL000945,Layer 2/3 Continuous Stuttering Large Basket Cell (4)
867,NMLCL000946,Layer 2/3 Continuous Stuttering Large Basket Cell (5)
868,NMLCL000947,Layer 2/3 Continuous Stuttering Neurogliaform Cell (1)
869,NMLCL000948,Layer 2/3 Continuous Stuttering Neurogliaform Cell (2)
870,NMLCL000949,Layer 2/3 Continuous Stuttering Neurogliaform Cell (3)
871,NMLCL000950,Layer 2/3 Continuous Stuttering Neurogliaform Cell (4)
872,NMLCL000951,Layer 2/3 Continuous Stuttering Neurogliaform Cell (5)
873,NMLCL000952,Layer 4 Continuous Stuttering Large Basket Cell (1)
874,NMLCL000953,Layer 4 Continuous Stuttering Large Basket Cell (2)
875,NMLCL000954,Layer 4 Continuous Stuttering Large Basket Cell (3)
876,NMLCL000955,Layer 4 Continuous Stuttering Large Basket Cell (4)
877,NMLCL000956,Layer 4 Continuous Stuttering Large Basket Cell (5)
878,NMLCL000957,Layer 4 Continuous Stuttering Neurogliaform Cell (1)
879,NMLCL000958,Layer 4 Continuous Stuttering Neurogliaform Cell (2)
880,NMLCL000959,Layer 4 Continuous Stuttering Neurogliaform Cell (3)
881,NMLCL000960,Layer 4 Continuous Stuttering Neurogliaform Cell (4)
882,NMLCL000961,Layer 4 Continuous Stuttering Neurogliaform Cell (5)
883,NMLCL000962,Layer 5 Continuous Stuttering Large Basket Cell (1)
884,NMLCL000963,Layer 5 Continuous Stuttering Large Basket Cell (2)
885,NMLCL000964,Layer 5 Continuous Stuttering Large Basket Cell (3)
886,NMLCL000965,Layer 5 Continuous Stuttering Large Basket Cell (4)
887,NMLCL000966,Layer 5 Continuous Stuttering Large Basket Cell (5)
888,NMLCL000967,Layer 5 Continuous Stuttering Martinotti Cell (1)
889,NMLCL000968,Layer 5 Continuous Stuttering Martinotti Cell (2)
890,NMLCL000969,Layer 5 Continuous Stuttering Martinotti Cell (3)
891,NMLCL000970,Layer 5 Continuous Stuttering Martinotti Cell (4)
892,NMLCL000971,Layer 5 Continuous Stuttering Martinotti Cell (5)
893,NMLCL000972,Layer 5 Continuous Stuttering Nest Basket Cell (1)
894,NMLCL000973,Layer 5 Continuous Stuttering Nest Basket Cell (2)
895,NMLCL000974,Layer 5 Continuous Stuttering Nest Basket Cell (3)
896,NMLCL000975,Layer 5 Continuous Stuttering Nest Basket Cell (4)
897,NMLCL000976,Layer 5 Continuous Stuttering Nest Basket Cell (5)
898,NMLCL000977,Layer 5 Continuous Stuttering Neurogliaform Cell (1)
899,NMLCL000978,Layer 5 Continuous Stuttering Neurogliaform Cell (2)
900,NMLCL000979,Layer 5 Continuous Stuttering Neurogliaform Cell (3)
901,NMLCL000980,Layer 5 Continuous Stuttering Neurogliaform Cell (4)
902,NMLCL000981,Layer 5 Continuous Stuttering Neurogliaform Cell (5)
903,NMLCL000982,Layer 6 Continuous Stuttering Large Basket Cell (1)
904,NMLCL000983,Layer 6 Continuous Stuttering Large Basket Cell (2)
905,NMLCL000984,Layer 6 Continuous Stuttering Large Basket Cell (3)
906,NMLCL000985,Layer 6 Continuous Stuttering Large Basket Cell (4)
907,NMLCL000986,Layer 6 Continuous Stuttering Large Basket Cell (5)
908,NMLCL000987,Layer 6 Continuous Stuttering Nest Basket Cell (1)
909,NMLCL000988,Layer 6 Continuous Stuttering Nest Basket Cell (2)
910,NMLCL000989,Layer 6 Continuous Stuttering Nest Basket Cell (3)
911,NMLCL000990,Layer 6 Continuous Stuttering Nest Basket Cell (4)
912,NMLCL000991,Layer 6 Continuous Stuttering Nest Basket Cell (5)
913,NMLCL000992,Layer 6 Continuous Stuttering Neurogliaform Cell (1)
914,NMLCL000993,Layer 6 Continuous Stuttering Neurogliaform Cell (2)
915,NMLCL000994,Layer 6 Continuous Stuttering Neurogliaform Cell (3)
916,NMLCL000995,Layer 6 Continuous Stuttering Neurogliaform Cell (4)
917,NMLCL000996,Layer 6 Continuous Stuttering Neurogliaform Cell (5)
918,NMLCL000997,Layer 2/3 Delayed Non-accommodating Chandelier Cell (1)
919,NMLCL000998,Layer 2/3 Delayed Non-accommodating Chandelier Cell (2)
920,NMLCL000999,Layer 2/3 Delayed Non-accommodating Chandelier Cell (3)
921,NMLCL001000,Layer 2/3 Delayed Non-accommodating Chandelier Cell (4)
922,NMLCL001001,Layer 2/3 Delayed Non-accommodating Chandelier Cell (5)
923,NMLCL001002,Layer 2/3 Delayed Non-accommodating Large Basket Cell (1)
924,NMLCL001003,Layer 2/3 Delayed Non-accommodating Large Basket Cell (2)
925,NMLCL001004,Layer 2/3 Delayed Non-accommodating Large Basket Cell (3)
926,NMLCL001005,Layer 2/3 Delayed Non-accommodating Large Basket Cell (4)
927,NMLCL001006,Layer 2/3 Delayed Non-accommodating Large Basket Cell (5)
928,NMLCL001007,Layer 2/3 Delayed Non-accommodating Martinotti Cell (1)
929,NMLCL001008,Layer 2/3 Delayed Non-accommodating Martinotti Cell (2)
930,NMLCL001009,Layer 2/3 Delayed Non-accommodating Martinotti Cell (3)
931,NMLCL001010,Layer 2/3 Delayed Non-accommodating Martinotti Cell (4)
932,NMLCL001011,Layer 2/3 Delayed Non-accommodating Martinotti Cell (5)
933,NMLCL001012,Layer 2/3 Delayed Non-accommodating Nest Basket Cell (1)
934,NMLCL001013,Layer 2/3 Delayed Non-accommodating Nest Basket Cell (2)
935,NMLCL001014,Layer 2/3 Delayed Non-accommodating Nest Basket Cell (3)
936,NMLCL001015,Layer 2/3 Delayed Non-accommodating Nest Basket Cell (4)
937,NMLCL001016,Layer 2/3 Delayed Non-accommodating Nest Basket Cell (5)
938,NMLCL001017,Layer 2/3 Delayed Non-accommodating Small Basket Cell (1)
939,NMLCL001018,Layer 2/3 Delayed Non-accommodating Small Basket Cell (2)
940,NMLCL001019,Layer 2/3 Delayed Non-accommodating Small Basket Cell (3)
941,NMLCL001020,Layer 2/3 Delayed Non-accommodating Small Basket Cell (4)
942,NMLCL001021,Layer 2/3 Delayed Non-accommodating Small Basket Cell (5)
943,NMLCL001022,Layer 4 Delayed Non-accommodating Bitufted Cell (1)
944,NMLCL001023,Layer 4 Delayed Non-accommodating Bitufted Cell (2)
945,NMLCL001024,Layer 4 Delayed Non-accommodating Bitufted Cell (3)
946,NMLCL001025,Layer 4 Delayed Non-accommodating Bitufted Cell (4)
947,NMLCL001026,Layer 4 Delayed Non-accommodating Bitufted Cell (5)
948,NMLCL001027,Layer 4 Delayed Non-accommodating Chandelier Cell (1)
949,NMLCL001028,Layer 4 Delayed Non-accommodating Chandelier Cell (2)
950,NMLCL001029,Layer 4 Delayed Non-accommodating Chandelier Cell (3)
951,NMLCL001030,Layer 4 Delayed Non-accommodating Chandelier Cell (4)
952,NMLCL001031,Layer 4 Delayed Non-accommodating Chandelier Cell (5)
953,NMLCL001032,Layer 4 Delayed Non-accommodating Large Basket Cell (1)
954,NMLCL001033,Layer 4 Delayed Non-accommodating Large Basket Cell (2)
955,NMLCL001034,Layer 4 Delayed Non-accommodating Large Basket Cell (3)
956,NMLCL001035,Layer 4 Delayed Non-accommodating Large Basket Cell (4)
957,NMLCL001036,Layer 4 Delayed Non-accommodating Large Basket Cell (5)
958,NMLCL001037,Layer 4 Delayed Non-accommodating Martinotti Cell (1)
959,NMLCL001038,Layer 4 Delayed Non-accommodating Martinotti Cell (2)
960,NMLCL001039,Layer 4 Delayed Non-accommodating Martinotti Cell (3)
961,NMLCL001040,Layer 4 Delayed Non-accommodating Martinotti Cell (4)
962,NMLCL001041,Layer 4 Delayed Non-accommodating Martinotti Cell (5)
963,NMLCL001042,Layer 4 Delayed Non-accommodating Nest Basket Cell (1)
964,NMLCL001043,Layer 4 Delayed Non-accommodating Nest Basket Cell (2)
965,NMLCL001044,Layer 4 Delayed Non-accommodating Nest Basket Cell (3)
966,NMLCL001045,Layer 4 Delayed Non-accommodating Nest Basket Cell (4)
967,NMLCL001046,Layer 4 Delayed Non-accommodating Nest Basket Cell (5)
968,NMLCL001047,Layer 4 Delayed Non-accommodating Small Basket Cell (1)
969,NMLCL001048,Layer 4 Delayed Non-accommodating Small Basket Cell (2)
970,NMLCL001049,Layer 4 Delayed Non-accommodating Small Basket Cell (3)
971,NMLCL001050,Layer 4 Delayed Non-accommodating Small Basket Cell (4)
972,NMLCL001051,Layer 4 Delayed Non-accommodating Small Basket Cell (5)
973,NMLCL001052,Layer 5 Delayed Non-accommodating Chandelier Cell (1)
974,NMLCL001053,Layer 5 Delayed Non-accommodating Chandelier Cell (2)
975,NMLCL001054,Layer 5 Delayed Non-accommodating Chandelier Cell (3)
976,NMLCL001055,Layer 5 Delayed Non-accommodating Chandelier Cell (4)
977,NMLCL001056,Layer 5 Delayed Non-accommodating Chandelier Cell (5)
978,NMLCL001057,Layer 5 Delayed Non-accommodating Large Basket Cell (1)
979,NMLCL001058,Layer 5 Delayed Non-accommodating Large Basket Cell (2)
980,NMLCL001059,Layer 5 Delayed Non-accommodating Large Basket Cell (3)
981,NMLCL001060,Layer 5 Delayed Non-accommodating Large Basket Cell (4)
982,NMLCL001061,Layer 5 Delayed Non-accommodating Large Basket Cell (5)
983,NMLCL001062,Layer 5 Delayed Non-accommodating Martinotti Cell (1)
984,NMLCL001063,Layer 5 Delayed Non-accommodating Martinotti Cell (2)
985,NMLCL001064,Layer 5 Delayed Non-accommodating Martinotti Cell (3)
986,NMLCL001065,Layer 5 Delayed Non-accommodating Martinotti Cell (4)
987,NMLCL001066,Layer 5 Delayed Non-accommodating Martinotti Cell (5)
988,NMLCL001067,Layer 5 Delayed Non-accommodating Small Basket Cell (1)
989,NMLCL001068,Layer 5 Delayed Non-accommodating Small Basket Cell (2)
990,NMLCL001069,Layer 5 Delayed Non-accommodating Small Basket Cell (3)
991,NMLCL001070,Layer 5 Delayed Non-accommodating Small Basket Cell (4)
992,NMLCL001071,Layer 5 Delayed Non-accommodating Small Basket Cell (5)
993,NMLCL001072,Layer 6 Delayed Non-accommodating Chandelier Cell (1)
994,NMLCL001073,Layer 6 Delayed Non-accommodating Chandelier Cell (2)
995,NMLCL001074,Layer 6 Delayed Non-accommodating Chandelier Cell (3)
996,NMLCL001075,Layer 6 Delayed Non-accommodating Chandelier Cell (4)
997,NMLCL001076,Layer 6 Delayed Non-accommodating Chandelier Cell (5)
998,NMLCL001077,Layer 6 Delayed Non-accommodating Small Basket Cell (1)
999,NMLCL001078,Layer 6 Delayed Non-accommodating Small Basket Cell (2)
1000,NMLCL001079,Layer 6 Delayed Non-accommodating Small Basket Cell (3)
1001,NMLCL001080,Layer 6 Delayed Non-accommodating Small Basket Cell (4)
1002,NMLCL001081,Layer 6 Delayed Non-accommodating Small Basket Cell (5)
1003,NMLCL001082,Layer 2/3 Delayed Stuttering Bipolar Cell (1)
1004,NMLCL001083,Layer 2/3 Delayed Stuttering Bipolar Cell (2)
1005,NMLCL001084,Layer 2/3 Delayed Stuttering Bipolar Cell (3)
1006,NMLCL001085,Layer 2/3 Delayed Stuttering Bipolar Cell (4)
1007,NMLCL001086,Layer 2/3 Delayed Stuttering Bipolar Cell (5)
1008,NMLCL001087,Layer 4 Delayed Stuttering Bipolar Cell (1)
1009,NMLCL001088,Layer 4 Delayed Stuttering Bipolar Cell (2)
1010,NMLCL001089,Layer 4 Delayed Stuttering Bipolar Cell (3)
1011,NMLCL001090,Layer 4 Delayed Stuttering Bipolar Cell (4)
1012,NMLCL001091,Layer 4 Delayed Stuttering Bipolar Cell (5)
1013,NMLCL001092,Layer 4 Delayed Stuttering Large Basket Cell (1)
1014,NMLCL001093,Layer 4 Delayed Stuttering Large Basket Cell (2)
1015,NMLCL001094,Layer 4 Delayed Stuttering Large Basket Cell (3)
1016,NMLCL001095,Layer 4 Delayed Stuttering Large Basket Cell (4)
1017,NMLCL001096,Layer 4 Delayed Stuttering Large Basket Cell (5)
1018,NMLCL001097,Layer 5 Delayed Stuttering Bipolar Cell (1)
1019,NMLCL001098,Layer 5 Delayed Stuttering Bipolar Cell (2)
1020,NMLCL001099,Layer 5 Delayed Stuttering Bipolar Cell (3)
1021,NMLCL001100,Layer 5 Delayed Stuttering Bipolar Cell (4)
1022,NMLCL001101,Layer 5 Delayed Stuttering Bipolar Cell (5)
1023,NMLCL001102,Layer 5 Delayed Stuttering Large Basket Cell (1)
1024,NMLCL001103,Layer 5 Delayed Stuttering Large Basket Cell (2)
1025,NMLCL001104,Layer 5 Delayed Stuttering Large Basket Cell (3)
1026,NMLCL001105,Layer 5 Delayed Stuttering Large Basket Cell (4)
1027,NMLCL001106,Layer 5 Delayed Stuttering Large Basket Cell (5)
1028,NMLCL001107,Layer 5 Delayed Stuttering Nest Basket Cell (1)
1029,NMLCL001108,Layer 5 Delayed Stuttering Nest Basket Cell (2)
1030,NMLCL001109,Layer 5 Delayed Stuttering Nest Basket Cell (3)
1031,NMLCL001110,Layer 5 Delayed Stuttering Nest Basket Cell (4)
1032,NMLCL001111,Layer 5 Delayed Stuttering Nest Basket Cell (5)
1033,NMLCL001112,Layer 6 Delayed Stuttering Bipolar Cell (1)
1034,NMLCL001113,Layer 6 Delayed Stuttering Bipolar Cell (2)
1035,NMLCL001114,Layer 6 Delayed Stuttering Bipolar Cell (3)
1036,NMLCL001115,Layer 6 Delayed Stuttering Bipolar Cell (4)
1037,NMLCL001116,Layer 6 Delayed Stuttering Bipolar Cell (5)
1038,NMLCL001117,Layer 6 Delayed Stuttering Nest Basket Cell (1)
1039,NMLCL001118,Layer 6 Delayed Stuttering Nest Basket Cell (2)
1040,NMLCL001119,Layer 6 Delayed Stuttering Nest Basket Cell (3)
1041,NMLCL001120,Layer 6 Delayed Stuttering Nest Basket Cell (4)
1042,NMLCL001121,Layer 6 Delayed Stuttering Nest Basket Cell (5)
1043,NMLCL001122,Hippocampus Pyramidal CA3
1044,NMLCL001123,Fast Spiking (FS)
1045,NMLCL001124,Intrinsically Bursting (IB)
1046,NMLCL001125,Intrinsically Repetitive Bursting (IBR)
1047,NMLCL001126,Low Threshold Spiking (LTS)
1048,NMLCL001127,Regular Spiking (RS)
1049,NMLCL001128,Main Olfactory Bulb Granule Cell
1050,NMLCL001129,Main Olfactory Bulb Mitral Cell (1)
1051,NMLCL001130,Main Olfactory Bulb Mitral Cell (2)
1052,NMLCL001131,Main Olfactory Bulb Mitral Cell (3)
1053,NMLCL001132,Main Olfactory Bulb Mitral Cell (4)
1054,NMLCL001133,Main Olfactory Bulb Mitral Cell (5)
1055,NMLCL001134,Deep Axoaxonic
1056,NMLCL001135,Deep Basket
1057,NMLCL001136,Deep Low Threshold Spiking (LTS) Interneuron
1058,NMLCL001137,Superficial Layer 2/3 Fast Rhythmic Bursting (FRB) Pyramidal
1059,NMLCL001138,Superficial Layer 2/3 Regular Spiking (RS) Pyramidal
1060,NMLCL001139,Layer 4 Spiny Stellate
1061,NMLCL001140,Layer 5 Tufted Intrinsic Bursting (IB) Pyramidal
1062,NMLCL001141,Layer 5 Tufted Regular Spiking (RS) Pyramidal
1063,NMLCL001142,Layer 6 Nontufted Regular Spiking (RS) Pyramidal
1064,NMLCL001143,Superficial Axoaxonic (Chandelier)
1065,NMLCL001144,Superficial Basket
1066,NMLCL001145,Superficial Low Threshold Spiking (LTS) Interneuron
1067,NMLCL001146,Thalamocortical Relay (TCR)
1068,NMLCL001147,Nucleus Reticularis (nRT) Thalami
1069,NMLCL001405,Izhikevich Class 2 Excitable
1070,NMLCL001408,Izhikevich Spike Frequency Adapting
1071,NMLCL001409,Izhikevich Depolarizing After-Potential (DAP)
1072,NMLCL001410,Izhikevich Phasic Spiking
1073,NMLCL001411,Izhikevich Phasic Bursting
1074,NMLCL001412,Izhikevich Accomodating
1075,NMLCL001413,Izhikevich Class 1 Excitable
1076,NMLCL001414,Izhikevich Bistable
1077,NMLCL001415,Izhikevich Mixed Mode
1078,NMLCL001416,Izhikevich Resonator
1079,NMLCL001417,Izhikevich Rebound Spiking
1080,NMLCL001418,Izhikevich Integrator
1081,NMLCL001419,Izhikevich Variable Threshold
1082,NMLCL001420,Izhikevich Inhibition Induced Spiking (IIS)
1083,NMLCL001421,Izhikevich Inhibition Induced Bursting (IIB)
1084,NMLCL001422,Izhikevich Spike Latency
1085,NMLCL001423,Izhikevich Tonic Bursting
1086,NMLCL001424,Izhikevich Rebound Bursting
1087,NMLCL001425,Izhikevich Subthreshold Oscillating
1088,NMLCL001426,Hodgkin-Huxley Single Compartment
1089,NMLCL001428,Primary visual area layer 2/3 spiny 486175203
1090,NMLCL001430,Primary visual area layer 6a spiny 466632464
1091,NMLCL001431,Primary visual area layer 4 spiny 478586295
1092,NMLCL001432,Primary visual area layer 4 aspiny 485184849
1093,NMLCL001433,Primary visual area layer 4 spiny 469798159
1094,NMLCL001434,Primary visual area layer 4 spiny 476451456
1095,NMLCL001435,Primary visual area layer 4 spiny 479179020
1096,NMLCL001437,Primary visual area layer 5 aspiny 330080937
1097,NMLCL001438,Lateral visual area layer 4 aspiny 313862167
1098,NMLCL001439,posteromedial visual area layer 4 spiny 485912047
1099,NMLCL001440,Primary visual area layer 2/3 aspiny 469753383
1100,NMLCL001441,Primary visual area layer 5 spiny 471758398
1101,NMLCL001442,Primary visual area layer 5 aspiny 466664172
1102,NMLCL001443,Primary visual area layer 4 spiny 370351753
1103,NMLCL001444,Primary visual area layer 4 spiny 476087653
1104,NMLCL001445,Primary visual area layer 2/3 aspiny 333604946
1105,NMLCL001447,Primary visual area layer 5 aspiny 478110866
1106,NMLCL001448,Primary visual area layer 5 aspiny 478396248
1107,NMLCL001449,Primary visual area layer 5 spiny 480116737
1108,NMLCL001450,Lateral visual area layer 4 spiny 478499902
1109,NMLCL001451,Primary visual area layer 5 aspiny 464212183
1110,NMLCL001452,Primary visual area layer 2/3 aspiny 478107198
1111,NMLCL001453,Primary visual area layer 5 spiny 314831019
1112,NMLCL001454,Primary visual area layer 4 spiny 313862022
1113,NMLCL001455,Postrhinal area layer 5 aspiny 464198958
1114,NMLCL001456,Primary visual area layer 5 aspiny 475517090
1115,NMLCL001457,Primary visual area layer 6a spiny 471789504
1116,NMLCL001458,Primary visual area layer 5 spiny 314822529
1117,NMLCL001459,Primary visual area layer 5 aspiny 313861608
1118,NMLCL001460,Primary visual area layer 4 spiny 476054887
1119,NMLCL001461,posteromedial visual area layer 5 spiny 479770916
1120,NMLCL001462,Primary visual area layer 4 spiny 386049446
1121,NMLCL001463,Primary visual area layer 4 spiny 486146717
1122,NMLCL001464,Primary visual area layer 5 aspiny 396968721
1123,NMLCL001466,Primary visual area layer 5 spiny 483061182
1124,NMLCL001467,Primary visual area layer 5 spiny 484559000
1125,NMLCL001468,Primary visual area layer 5 spiny 485909730
1126,NMLCL001469,Primary visual area layer 4 spiny 318733871
1127,NMLCL001470,Primary visual area layer 6a spiny 325941643
1128,NMLCL001472,Primary visual area layer 4 spiny 324032509
1129,NMLCL001474,Postrhinal area layer 5 aspiny 464198958
1130,NMLCL001475,Primary visual area layer 5 spiny 485880739
1131,NMLCL001476,Primary visual area layer 5 aspiny 469801569
1132,NMLCL001477,Primary visual area layer 4 spiny 483020137
1133,NMLCL001478,Primary visual area layer 4 spiny 314642645
1134,NMLCL001479,Primary visual area layer 4 spiny 395830185
1135,NMLCL001481,Primary visual area layer 4 spiny 348592897
1136,NMLCL001482,Primary visual area layer 6a aspiny 488504814
1137,NMLCL001483,Primary visual area layer 5 aspiny 323475862
1138,NMLCL001484,Anterolateral visual area layer 4 aspiny 321923685
1139,NMLCL001485,Primary visual area layer 4 spiny 470098860
1140,NMLCL001488,Primary visual area layer 4 spiny 324025371
1141,NMLCL001489,Primary visual area layer 2/3 sparsely spiny 324266189
1142,NMLCL001491,Postrhinal area layer 5 aspiny 323834998
1143,NMLCL001492,Primary visual area layer 5 spiny 475744706
1144,NMLCL001493,Primary visual area layer 2/3 aspiny 464188580
1145,NMLCL001494,Primary visual area layer 5 aspiny 484742372
1146,NMLCL001495,Primary visual area layer 5 spiny 478888052
1147,NMLCL001496,Primary visual area layer 4 spiny 487601493
1148,NMLCL001497,Primary visual area layer 5 spiny 354190013
1149,NMLCL001498,Primary visual area layer 6a spiny 471786879
1150,NMLCL001499,Primary visual area layer 2/3 aspiny 327962063
1151,NMLCL001500,posteromedial visual area layer 4 spiny 321906005
1152,NMLCL001501,Primary visual area layer 5 spiny 485574832
1153,NMLCL001502,Primary visual area layer 4 spiny 320207387
1154,NMLCL001503,Primary visual area layer 6a aspiny 313862306
1155,NMLCL001504,Primary visual area layer 4 spiny 479704527
1156,NMLCL001505,Postrhinal area layer 5 aspiny 464198958
1157,NMLCL001506,Primary visual area layer 6a spiny 471819401
1158,NMLCL001507,Primary visual area layer 4 spiny 476457450
1159,NMLCL001508,Primary visual area layer 4 spiny 479728896
1160,NMLCL001509,Primary visual area layer 5 aspiny 318556138
1161,NMLCL001510,Primary visual area layer 5 spiny 487664663
1162,NMLCL001512,Postrhinal area layer 5 aspiny 323834998
1163,NMLCL001513,Primary visual area layer 2/3 aspiny 324493977
1164,NMLCL001514,Primary visual area layer 4 spiny 314900022
1165,NMLCL001515,Primary visual area layer 4 aspiny 318331342
1166,NMLCL001516,Primary visual area layer 6a spiny 471410185
1167,NMLCL001517,Primary visual area layer 5 aspiny 321023397
1168,NMLCL001519,Primary visual area layer 5 spiny 486111903
1169,NMLCL001521,Primary visual area layer 4 spiny 422738880
1170,NMLCL001522,Primary visual area layer 2/3 spiny 480124551
1171,NMLCL001524,Primary visual area layer 5 sparsely spiny 324466858
1172,NMLCL001525,Primary visual area layer 5 spiny 314804042
1173,NMLCL001526,Primary visual area layer 4 spiny 397351623
1174,NMLCL001527,Primary visual area layer 4 spiny 476616076
1175,NMLCL001530,Primary visual area layer 5 spiny 468120757
1176,NMLCL001531,Primary visual area layer 6a aspiny 466245544
1177,NMLCL001532,Primary visual area layer 4 aspiny 474626527
1178,NMLCL001533,Primary visual area layer 4 spiny 320668879
1179,NMLCL001534,Primary visual area layer 4 aspiny 471077468
1180,NMLCL001535,Primary visual area layer 2/3 spiny 318808427
1181,NMLCL001537,Primary visual area layer 2/3 aspiny 473540161
1182,NMLCL001538,Primary visual area layer 5 aspiny 467782778
1183,NMLCL001539,Primary visual area layer 4 aspiny 486783119
1184,NMLCL001540,Primary visual area layer 5 aspiny 328031983
1185,NMLCL001541,Primary visual area layer 2/3 spiny 382982932
1186,NMLCL001542,Primary visual area layer 5 spiny 471767045
1187,NMLCL001544,FitzHugh Nagumo Relaxation Oscillator
1188,NMLCL001548,Muscle Cell
1189,NMLCL001564,Stomatogastric Ganglion (STG) AB/PD cell (3)
1190,NMLCL001565,Stomatogastric Ganglion (STG) AB/PD cell (1)
1191,NMLCL001566,Stomatogastric Ganglion (STG) PY cell (3)
1192,NMLCL001567,Stomatogastric Ganglion (STG) PY cell (6)
1193,NMLCL001569,Stomatogastric Ganglion (STG) AB/PD cell (2)
1194,NMLCL001570,Stomatogastric Ganglion (STG) LP cell (2)
1195,NMLCL001573,Stomatogastric Ganglion (STG) PY cell (4)
1196,NMLCL001575,Stomatogastric Ganglion (STG) LP cell (3)
1197,NMLCL001579,Stomatogastric Ganglion (STG) AB/PD cell (5)
1198,NMLCL001580,Stomatogastric Ganglion (STG) PY cell (5)
1199,NMLCL001581,Stomatogastric Ganglion (STG) LP cell (4)
1200,NMLCL001582,Stomatogastric Ganglion (STG) LP cell (1)
1201,NMLCL001584,Stomatogastric Ganglion (STG) LP cell (5)
1202,NMLCL001585,Stomatogastric Ganglion (STG) PY cell (2)
1203,NMLCL001587,Stomatogastric Ganglion (STG) AB/PD cell (4)
1204,NMLCL001588,Stomatogastric Ganglion (STG) PY cell (1)
1205,NMLCL001594,Visual Cortex Layer 2/3 Pyramidal Cell
1206,NMLCL001604,Cerebellar Golgi Cell
1207,NMLCL001617,Hippocampus CA1 CCK+ Basket
1208,NMLCL001620,Hippocampus CA1 Pyramidal
1209,NMLCL001621,Hippocampus CA1 PV+ Basket
1210,NMLCL001624,Hippocampus CA1 Bistratified
1211,NMLCL001630,Hippocampus CA1 Schaffer Collateral-Associated (SCA)
1212,NMLCL001631,Hippocampus CA1 Axo-axonic
1213,NMLCL001633,Hippocampus CA1 Ivy 
1214,NMLCL001640,Hippocampus CA1 O-LM
1215,NMLCL001642,Hippocampus CA1 Neurogliaform (NGF)
1216,NMLCL001644,Hippocampus CA1 Fast-Firing Parvalbumin-positive
1217,NMLCL001650,CT
1218,NMLCL001657,SOM
1219,NMLCL001660,PT
1220,NMLCL001663,IT
1221,NMLCL001664,PV
